,word,meaning,der
0,b'_',b'_',b'_'
1,b'claim',b'v. \xec\x9a\x94\xec\xb2\xad\xed\x95\x98\xeb\x8b\xa4 n. \xec\xb2\xad\xea\xb5\xac; \xec\xa3\xbc\xec\x9e\xa5',b'claim claims claiming claimed'
2,b'committed',b'adj. \xed\x97\x8c\xec\x8b\xa0\xec\xa0\x81\xec\x9d\xb8',b'commit commits committing committed'
3,b'consistency',"b'n. \xec\x9d\xbc\xea\xb4\x80\xec\x84\xb1, \xed\x95\x9c\xea\xb2\xb0\xea\xb0\x99\xec\x9d\x8c'",b'consistency consistencies consistencying consistencied'
4,b'cover',b'v. \xeb\x8b\xa4\xeb\xa3\xa8\xeb\x8b\xa4; \xeb\xb3\xb4\xec\x9e\xa5\xed\x95\x98\xeb\x8b\xa4',b'cover covers covering covered'
5,b'coverage',b'n. \xeb\xb2\x94\xec\x9c\x84; \xeb\xb3\xb4\xec\x83\x81',b'coverage coverages coveraging coveraged'
6,b'credit',"b'n. \xec\x8b\xa0\xec\x9a\xa9\xed\x8c\x90\xeb\xa7\xa4, \xec\x8b\xa0\xec\x9a\xa9 v. \xec\x9e\x85\xea\xb8\x88\xed\x95\x98\xeb\x8b\xa4'",b'credit credits crediting credited'
7,b'defect',b'n. \xea\xb2\xb0\xed\x95\xa8',b'defect defects defecting defected'
8,b'defective',b'adj. \xea\xb2\xb0\xed\x95\xa8 \xec\x9e\x88\xeb\x8a\x94',b'defective defectives defectiving defectived'
9,b'demand',b'v. \xec\x9a\x94\xea\xb5\xac\xed\x95\x98\xeb\x8b\xa4 n. \xec\x9a\x94\xea\xb5\xac; \xec\x88\x98\xec\x9a\x94',b'demand demands demanding demanded'
10,b'description',b'n. \xec\x84\xa4\xeb\xaa\x85(\xec\x84\x9c)',b'description descriptions descriptioning descriptioned'
11,b'eligibility',"b'n. \xec\xa0\x81\xea\xb2\xa9, \xec\x9e\x90\xea\xb2\xa9'",b'eligibility eligibilities eligibilitying eligibilitied'
12,b'exchange',b'v. \xea\xb5\x90\xed\x99\x98\xed\x95\x98\xeb\x8b\xa4',b'exchange exchanges exchanging exchanged'
13,b'expire',"b'v. \xeb\xa7\x8c\xeb\xa3\x8c\xeb\x90\x98\xeb\x8b\xa4, \xeb\xa7\x8c\xea\xb8\xb0\xeb\x90\x98\xeb\x8b\xa4'",b'expire expires expiring expired'
14,b'expiration',"b'n. \xeb\xa7\x8c\xeb\xa3\x8c, \xeb\xa7\x8c\xea\xb8\xb0, \xec\xa2\x85\xea\xb2\xb0'",b'expiration expirations expirationing expirationed'
15,b'flaw',"b'n. \xea\xb2\xb0\xec\xa0\x90, \xea\xb2\xb0\xed\x95\xa8'",b'flaw flaws flawing flawed'
16,b'guarantee',b'v. \xeb\xb3\xb4\xec\x9e\xa5\xed\x95\x98\xeb\x8b\xa4 n. \xed\x92\x88\xec\xa7\x88 \xeb\xb3\xb4\xec\xa6\x9d\xec\x84\x9c',b'guarantee guarantees guaranteeing guaranteed'
17,b'insurance',b'n. \xeb\xb3\xb4\xed\x97\x98(\xea\xb8\x88)',b'insurance insurances insurancing insuranced'
18,b'malfunction',"b'v. \xec\xa0\x9c\xeb\x8c\x80\xeb\xa1\x9c \xec\x9e\x91\xeb\x8f\x99\xed\x95\x98\xec\xa7\x80 \xec\x95\x8a\xeb\x8b\xa4 n. \xea\xb3\xa0\xec\x9e\xa5, \xea\xb8\xb0\xeb\x8a\xa5 \xeb\xb6\x88\xeb\x9f\x89'",b'malfunction malfunctions malfunctioning malfunctioned'
19,b'perfectly',b'adv. \xec\x99\x84\xeb\xb2\xbd\xed\x95\x98\xea\xb2\x8c',b'perfectly perfectlies perfectlying perfectlied'
20,b'period',b'n. \xea\xb8\xb0\xea\xb0\x84',b'period periods perioding perioded'
21,b'rebate',"b'n. (\xec\xb4\x88\xea\xb3\xbc \xec\xa7\x80\xeb\xb6\x88\xec\x97\x90 \xeb\x8c\x80\xed\x95\x9c) \xed\x99\x98\xeb\xb6\x88, \xed\x99\x98\xea\xb8\x89'",b'rebate rebates rebating rebated'
22,b'receipt',b'n. \xec\x98\x81\xec\x88\x98\xec\xa6\x9d',b'receipt receipts receipting receipted'
23,b'refund',b'v. \xed\x99\x98\xeb\xb6\x88\xed\x95\x98\xeb\x8b\xa4 n. \xed\x99\x98\xeb\xb6\x88(\xea\xb8\x88)',b'refund refunds refunding refunded'
24,b'registration',"b'n. \xeb\x93\xb1\xeb\xa1\x9d, \xec\x8b\xa0\xea\xb3\xa0'",b'registration registrations registrationing registrationed'
25,b'reliable',b'adj. \xeb\xaf\xbf\xec\x9d\x84 \xec\x88\x98 \xec\x9e\x88\xeb\x8a\x94',b'reliable reliables reliabling reliabled'
26,b'repair',"b'v. \xec\x88\x98\xeb\xa6\xac[\xeb\xb3\xb4\xec\x88\x98]\xed\x95\x98\xeb\x8b\xa4 n. \xec\x88\x98\xeb\xa6\xac, \xec\x88\x98\xec\x84\xa0'",b'repair repairs repairing repaired'
27,b'replacement',"b'n. \xea\xb5\x90\xec\xb2\xb4, \xea\xb5\x90\xed\x99\x98'",b'replacement replacements replacementing replacemented'
28,b'restock',b'v. \xeb\x8b\xa4\xec\x8b\x9c \xec\xb1\x84\xec\x9a\xb0\xeb\x8b\xa4[\xeb\xb3\xb4\xec\xb6\xa9\xed\x95\x98\xeb\x8b\xa4]',b'restock restocks restocking restocked'
29,b'retailer',"b'n. \xec\x86\x8c\xeb\xa7\xa4\xec\x97\x85\xec\xb2\xb4, \xec\x86\x8c\xeb\xa7\xa4\xec\x97\x85\xec\x9e\x90'",b'retailer retailers retailerring retailerred'
30,b'single',"b'adj. \xeb\x8b\xa8 \xed\x95\x98\xeb\x82\x98\xec\x9d\x98, \xeb\x8b\xa8\xec\x9d\xbc\xec\x9d\x98'",b'single singles singling singled'
31,b'solidify',"b'v. \xea\xb5\xb3\xed\x9e\x88\xeb\x8b\xa4, \xed\x99\x95\xea\xb3\xa0\xed\x9e\x88 \xed\x95\x98\xeb\x8b\xa4'",b'solidify solidifies solidifying solidified'
32,b'status',b'n. \xec\x83\x81\xed\x83\x9c; \xec\xa7\x80\xec\x9c\x84',b'statu status statuing statued'
33,b'unrivaled',b'adj. \xea\xb2\xbd\xec\x9f\x81\xec\x9e\x90\xea\xb0\x80 \xec\x97\x86\xeb\x8a\x94',b'unrivale unrivales unrivaling unrivaled'
34,b'warranty',b'n. \xed\x92\x88\xec\xa7\x88 \xeb\xb3\xb4\xec\xa6\x9d\xec\x84\x9c',b'warranty warranties warrantying warrantied'
35,b'accountable',b'adj. \xec\xb1\x85\xec\x9e\x84\xec\x9d\xb4 \xec\x9e\x88\xeb\x8a\x94',b'accountable accountables accountabling accountabled'
36,b'apologize',b'v. \xec\x82\xac\xea\xb3\xbc\xed\x95\x98\xeb\x8b\xa4',b'apologize apologizes apologizing apologized'
37,b'charge',b'v. \xec\xb2\xad\xea\xb5\xac\xed\x95\x98\xeb\x8b\xa4 n. \xec\x9a\x94\xea\xb8\x88',b'charge charges charging charged'
38,b'client',"b'n. \xec\x9d\x98\xeb\xa2\xb0\xec\x9d\xb8, \xea\xb3\xa0\xea\xb0\x9d'",b'client clients clienting cliented'
39,b'complaint',"b'n. \xeb\xb6\x88\xeb\xa7\x8c, \xeb\xb6\x88\xed\x8f\x89'",b'complaint complaints complainting complainted'
40,b'complain',b'v. \xeb\xb6\x88\xed\x8f\x89\xed\x95\x98\xeb\x8b\xa4',b'complain complains complaining complained'
41,b'compliment',b'v. \xec\xb9\xad\xec\xb0\xac\xed\x95\x98\xeb\x8b\xa4 n. \xec\xb9\xad\xec\xb0\xac',b'compliment compliments complimenting complimented'
42,b'consider',b'v. \xea\xb3\xa0\xeb\xa0\xa4\xed\x95\x98\xeb\x8b\xa4',b'consider considers considering considered'
43,b'considerable',b'adj. \xec\x83\x81\xeb\x8b\xb9\xed\x95\x9c',b'considerable considerables considerabling considerabled'
44,b'considerate',"b'adj. \xec\x82\xac\xeb\xa0\xa4 \xea\xb9\x8a\xec\x9d\x80, \xeb\xb0\xb0\xeb\xa0\xa4\xed\x95\x98\xeb\x8a\x94'",b'considerate considerates considerating considerated'
45,b'consumer',b'n. \xec\x86\x8c\xeb\xb9\x84\xec\x9e\x90',b'consumer consumers consumerring consumerred'
46,b'convince',b'v. \xed\x99\x95\xec\x8b\xa0\xec\x8b\x9c\xed\x82\xa4\xeb\x8b\xa4',b'convince convinces convincing convinced'
47,b'delighted',b'adj. \xec\x95\x84\xec\xa3\xbc \xea\xb8\xb0\xeb\xbb\x90\xed\x95\x98\xeb\x8a\x94',b'delight delights delighting delighted'
48,b'extension',"b'n. \xeb\x82\xb4\xec\x84\xa0, \xea\xb5\xac\xeb\x82\xb4\xec\xa0\x84\xed\x99\x94; \xec\x97\xb0\xec\x9e\xa5, \xed\x99\x95\xeb\x8c\x80'",b'extension extensions extensioning extensioned'
49,b'flexibility',b'n. \xec\x9c\xb5\xed\x86\xb5\xec\x84\xb1; \xec\x9c\xa0\xec\x97\xb0\xec\x84\xb1',b'flexibility flexibilities flexibilitying flexibilitied'
50,b'helpful',"b'adj. \xeb\x8f\x84\xec\x9b\x80\xec\x9d\xb4 \xeb\x90\x98\xeb\x8a\x94, \xec\x9c\xa0\xec\x9a\xa9\xed\x95\x9c'",b'helpful helpfuls helpfulling helpfulled'
51,b'hesitate',"b'v. \xec\xa3\xbc\xec\xa0\x80\xed\x95\x98\xeb\x8b\xa4, \xeb\xa7\x9d\xec\x84\xa4\xec\x9d\xb4\xeb\x8b\xa4'",b'hesitate hesitates hesitating hesitated'
52,b'inconvenience',"b'n. \xeb\xb6\x88\xed\x8e\xb8, \xec\x95\xa0\xeb\xa1\x9c \xec\x82\xac\xed\x95\xad'",b'inconvenience inconveniences inconveniencing inconvenienced'
53,b'informative',b'adj. \xec\x9c\xa0\xec\x9d\xb5\xed\x95\x9c',b'informative informatives informativing informatived'
54,b'order',b'v. \xec\xa3\xbc\xeb\xac\xb8\xed\x95\x98\xeb\x8b\xa4 n. \xec\xa3\xbc\xeb\xac\xb8',b'order orders ordering ordered'
55,b'reasonable',b'adj. (\xea\xb0\x80\xea\xb2\xa9 \xeb\x93\xb1\xec\x9d\xb4) \xed\x95\xa9\xeb\xa6\xac\xec\xa0\x81\xec\x9d\xb8',b'reasonable reasonables reasonabling reasonabled'
56,b'recommendation',"b'n. \xec\xb6\x94\xec\xb2\x9c, \xea\xb6\x8c\xea\xb3\xa0'",b'recommendation recommendations recommendationing recommendationed'
57,b'representative',b'n. \xec\xa7\x81\xec\x9b\x90; \xeb\x8c\x80\xed\x91\x9c(\xec\x9e\x90)',b'representative representatives representativing representatived'
58,b'request',"b'n. \xec\x9a\x94\xea\xb5\xac, \xec\x9a\x94\xec\xb2\xad v. \xec\x9a\x94\xec\xb2\xad\xed\x95\x98\xeb\x8b\xa4'",b'request requests requesting requested'
59,b'serve',"b'v. (\xec\x83\x81\xed\x92\x88, \xec\x84\x9c\xeb\xb9\x84\xec\x8a\xa4\xeb\xa5\xbc) \xec\xa0\x9c\xea\xb3\xb5\xed\x95\x98\xeb\x8b\xa4'",b'serve serves serving served'
60,b'testimonial',"b'n. \xec\xb6\x94\xec\xb2\x9c\xec\x84\x9c, \xec\xb6\x94\xec\xb2\x9c\xec\x9d\x98 \xea\xb8\x80'",b'testimonial testimonials testimonialing testimonialed'
61,b'obligated',b'adj. ~\xed\x95\xa0 \xec\x9d\x98\xeb\xac\xb4\xea\xb0\x80 \xec\x9e\x88\xeb\x8a\x94',b'obligate obligates obligating obligated'
62,b'bill',b'v. \xec\xb2\xad\xea\xb5\xac\xec\x84\x9c\xeb\xa5\xbc \xeb\xb3\xb4\xeb\x82\xb4\xeb\x8b\xa4',b'bill bills billing billed'
63,b'capacity',"b'n. \xec\x9a\xa9\xeb\x9f\x89, \xec\x88\x98\xec\x9a\xa9\xeb\xa0\xa5'",b'capacity capacities capacitying capacitied'
64,b'clarify',b'v. \xeb\xaa\x85\xed\x99\x95\xed\x9e\x88 (\xeb\xa7\x90)\xed\x95\x98\xeb\x8b\xa4',b'clarify clarifies clarifying clarified'
65,b'contact',b'v. \xec\x97\xb0\xeb\x9d\xbd\xed\x95\x98\xeb\x8b\xa4',b'contact contacts contacting contacted'
66,b'counterfeit',"b'adj. \xec\x9c\x84\xec\xa1\xb0\xec\x9d\x98, \xeb\xaa\xa8\xec\xa1\xb0\xec\x9d\x98 n. \xeb\xaa\xa8\xec\xa1\xb0\xed\x92\x88 v. \xec\x9c\x84\xec\xa1\xb0\xed\x95\x98\xeb\x8b\xa4'",b'counterfeit counterfeits counterfeiting counterfeited'
67,b'counterpart',b'n. \xec\x83\x81\xeb\x8c\x80',b'counterpart counterparts counterparting counterparted'
68,b'deliver',b'v. \xeb\xb0\xb0\xeb\x8b\xac\xed\x95\x98\xeb\x8b\xa4',b'deliver delivers delivering delivered'
69,b'delivery',b'n. \xeb\xb0\xb0\xeb\x8b\xac',b'delivery deliveries deliverying deliveried'
70,b'depart',b'v. \xec\xb6\x9c\xeb\xb0\x9c\xed\x95\x98\xeb\x8b\xa4',b'depart departs departing departed'
71,b'departure',b'n. \xec\xb6\x9c\xeb\xb0\x9c',b'departure departures departuring departured'
72,b'despite',b'prep. ~\xec\x97\x90\xeb\x8f\x84 \xeb\xb6\x88\xea\xb5\xac\xed\x95\x98\xea\xb3\xa0',b'despite despites despiting despited'
73,b'discontinue',b'v. \xec\xa4\x91\xeb\x8b\xa8\xed\x95\x98\xeb\x8b\xa4',b'discontinue discontinues discontinuing discontinued'
74,b'discount',b'n. \xed\x95\xa0\xec\x9d\xb8',b'discount discounts discounting discounted'
75,b'disruption',"b'n. \xed\x98\xbc\xeb\x9e\x80, \xec\xa4\x91\xeb\x8b\xa8'",b'disruption disruptions disruptioning disruptioned'
76,b'dissatisfaction',b'n. \xeb\xb6\x88\xeb\xa7\x8c',b'dissatisfaction dissatisfactions dissatisfactioning dissatisfactioned'
77,b'dissatisfy',b'v. \xeb\xb6\x88\xeb\xa7\x8c\xec\x9d\x84 \xeb\x8a\x90\xeb\x81\xbc\xea\xb2\x8c \xed\x95\x98\xeb\x8b\xa4',b'dissatisfy dissatisfies dissatisfying dissatisfied'
78,b'experience',"b'v. \xea\xb2\xaa\xeb\x8b\xa4, \xea\xb2\xbd\xed\x97\x98\xed\x95\x98\xeb\x8b\xa4'",b'experience experiences experiencing experienced'
79,b'frustrating',b'adj. \xeb\xb6\x88\xeb\xa7\x8c\xec\x8a\xa4\xeb\x9f\xac\xec\x9a\xb4',b'frustrate frustrates frustrating frustrated'
80,b'inconsistency',"b'n. \xeb\xb6\x88\xec\x9d\xbc\xec\xb9\x98, \xeb\xaa\xa8\xec\x88\x9c'",b'inconsistency inconsistencies inconsistencying inconsistencied'
81,b'invalid',b'adj. \xeb\xac\xb4\xed\x9a\xa8\xec\x9d\x98',b'invalid invalids invaliding invalided'
82,b'invoice',b'n. \xec\x86\xa1\xec\x9e\xa5',b'invoice invoices invoicing invoiced'
83,b'itemized',b'adj. \xed\x95\xad\xeb\xaa\xa9\xeb\xb3\x84\xeb\xa1\x9c \xea\xb5\xac\xeb\xb6\x84\xed\x95\x9c',b'itemize itemizes itemizing itemized'
84,b'itemize',"b'v. \xed\x95\xad\xeb\xaa\xa9\xeb\xb3\x84\xeb\xa1\x9c \xec\xa0\x81\xeb\x8b\xa4, \xeb\xaa\x85\xec\x84\xb8\xec\x84\x9c\xeb\xa5\xbc \xec\x9e\x91\xec\x84\xb1\xed\x95\x98\xeb\x8b\xa4'",b'itemize itemizes itemizing itemized'
85,b'liability',b'n. \xeb\xb2\x95\xec\xa0\x81 \xec\xb1\x85\xec\x9e\x84; \xeb\xb6\x80\xec\xb1\x84',b'liability liabilities liabilitying liabilitied'
86,b'regarding',b'prep. ~\xec\x97\x90 \xea\xb4\x80\xed\x95\x98\xec\x97\xac',b'regard regards regarding regarded'
87,b'reserve',b'v. \xec\x98\x88\xec\x95\xbd\xed\x95\x98\xeb\x8b\xa4',b'reserve reserves reserving reserved'
88,b'reservation',b'n. \xec\x98\x88\xec\x95\xbd',b'reservation reservations reservationing reservationed'
89,b'return',"b'v. \xeb\x8f\x8c\xeb\xa0\xa4\xec\xa3\xbc\xeb\x8b\xa4, \xeb\xb0\x98\xeb\x82\xa9\xed\x95\x98\xeb\x8b\xa4'",b'return returns returning returned'
90,b'ship',b'v. \xec\x88\x98\xec\x86\xa1\xed\x95\x98\xeb\x8b\xa4',b'ship ships shipping shipped'
91,b'shipment',"b'n. \xec\x88\x98\xec\x86\xa1, \xeb\xb0\xb0\xec\x86\xa1'",b'shipment shipments shipmenting shipmented'
92,b'unavailable',b'adj. \xec\x9d\xb4\xec\x9a\xa9\xed\x95\xa0 \xec\x88\x98 \xec\x97\x86\xeb\x8a\x94',b'unavailable unavailables unavailabling unavailabled'
93,b'understanding',b'n. \xec\x9d\xb4\xed\x95\xb4',b'understand understands understanding understood'
94,b'understand',b'v. \xec\x9d\xb4\xed\x95\xb4\xed\x95\x98\xeb\x8b\xa4',b'understand understands understanding understood'
95,b'unlikely',b'adj. ~\xed\x95\xa0 \xea\xb2\x83 \xea\xb0\x99\xec\xa7\x80 \xec\x95\x8a\xec\x9d\x80',b'unlikely unlikelies unlikelying unlikelied'
96,b'unpleasant',b'adj. \xeb\xb6\x88\xec\xbe\x8c\xed\x95\x9c',b'unpleasant unpleasants unpleasanting unpleasanted'
97,b'urge',"b'v. \xec\xb4\x89\xea\xb5\xac\xed\x95\x98\xeb\x8b\xa4, \xea\xb0\x95\xeb\xa0\xa5\xed\x9e\x88 \xec\x96\x98\xea\xb8\xb0\xed\x95\x98\xeb\x8b\xa4'",b'urge urges urging urged'
98,b'withdraw',b'v. (\xeb\x8f\x88\xec\x9d\x84) \xec\x9d\xb8\xec\xb6\x9c\xed\x95\x98\xeb\x8b\xa4; \xec\xb2\xa0\xed\x9a\x8c\xed\x95\x98\xeb\x8b\xa4',b'withdraw withdraws withdrawing withdrew withdrawn'
99,b'withdrawal',b'n. \xec\x9d\xb8\xec\xb6\x9c; \xed\x9a\x8c\xec\x88\x98',b'withdrawal withdrawals withdrawalling withdrawalled'
100,b'appraisal',"b'n. \xed\x8f\x89\xea\xb0\x80, \xed\x8c\x90\xeb\x8b\xa8'",b'appraisal appraisals appraisalling appraisalled'
101,b'appreciate',b'v. \xea\xb0\x90\xec\x83\x81\xed\x95\x98\xeb\x8b\xa4',b'appreciate appreciates appreciating appreciated'
102,b'comment',"b'n. \xeb\x85\xbc\xed\x8f\x89, \xec\x96\xb8\xea\xb8\x89'",b'comment comments commenting commented'
103,b'confidential',"b'adj. \xea\xb8\xb0\xeb\xb0\x80\xec\x9d\x98, \xeb\xb9\x84\xeb\xb0\x80\xec\x9d\x98'",b'confidential confidentials confidentialing confidentialed'
104,b'develop',b'v. \xea\xb0\x9c\xeb\xb0\x9c\xed\x95\x98\xeb\x8b\xa4',b'develop develops developing developed'
105,b'development',b'n. \xea\xb0\x9c\xeb\xb0\x9c',b'development developments developmenting developmented'
106,b'essential',b'adj. \xed\x95\x84\xec\x88\x98\xec\xa0\x81\xec\x9d\xb8',b'essential essentials essentialing essentialed'
107,b'evaluation',b'n. \xed\x8f\x89\xea\xb0\x80',b'evaluation evaluations evaluationing evaluationed'
108,b'evaluate',b'v. \xed\x8f\x89\xea\xb0\x80\xed\x95\x98\xeb\x8b\xa4',b'evaluate evaluates evaluating evaluated'
109,b'excellent',"b'adj. \xed\x9b\x8c\xeb\xa5\xad\xed\x95\x9c, \xed\x83\x81\xec\x9b\x94\xed\x95\x9c'",b'excellent excellents excellenting excellented'
110,b'fair',b'adj. \xea\xb4\x9c\xec\xb0\xae\xec\x9d\x80; \xea\xb3\xb5\xec\xa0\x95\xed\x95\x9c',b'fair fairs fairing faired'
111,b'feedback',b'n. \xed\x94\xbc\xeb\x93\x9c\xeb\xb0\xb1',b'feedback feedbacks feedbacking feedbacked'
112,b'indicate',b'v. \xeb\x82\x98\xed\x83\x80\xeb\x82\xb4\xeb\x8b\xa4',b'indicate indicates indicating indicated'
113,b'individual',b'n. \xea\xb0\x9c\xec\x9d\xb8 adj. \xea\xb0\x9c\xea\xb0\x9c\xec\x9d\x98',b'individual individuals individualing individualed'
114,b'information',b'n. \xec\xa0\x95\xeb\xb3\xb4',b'information informations informationing informationed'
115,b'interview',b'n. \xeb\xa9\xb4\xec\xa0\x91 v. \xeb\xa9\xb4\xec\xa0\x91\xec\x9d\x84 \xeb\xb3\xb4\xeb\x8b\xa4',b'interview interviews interviewing interviewed'
116,b'notify',"b'v. \xec\x95\x8c\xeb\xa6\xac\xeb\x8b\xa4, \xed\x86\xb5\xec\xa7\x80\xed\x95\x98\xeb\x8b\xa4'",b'notify notifies notifying notified'
117,b'participant',b'n. \xec\xb0\xb8\xea\xb0\x80\xec\x9e\x90',b'participant participants participanting participanted'
118,b'poor',"b'adj. \xec\xa2\x8b\xec\xa7\x80 \xeb\xaa\xbb\xed\x95\x9c, \xed\x98\x95\xed\x8e\xb8\xec\x97\x86\xeb\x8a\x94'",b'poor poors pooring poored'
119,b'questionnaire',b'n. \xec\x84\xa4\xeb\xac\xb8\xec\xa7\x80',b'questionnaire questionnaires questionnairing questionnaired'
120,b'relevant',"b'adj. \xea\xb4\x80\xeb\xa0\xa8 \xec\x9e\x88\xeb\x8a\x94, \xec\xa0\x81\xec\xa0\x88\xed\x95\x9c'",b'relevant relevants relevanting relevanted'
121,b'required',b'adj. \xed\x95\x84\xec\x88\x98\xec\x9d\x98',b'require requires requiring required'
122,b'response',"b'n. \xeb\x8c\x80\xeb\x8b\xb5, \xec\x9d\x91\xeb\x8b\xb5'",b'response responses responsing responsed'
123,b'respondent',b'n. \xec\x9d\x91\xeb\x8b\xb5\xec\x9e\x90',b'respondent respondents respondenting respondented'
124,b'sample',"b'v. \xec\x8b\x9c\xec\x8b\x9d\xed\x95\x98\xeb\x8b\xa4, \xec\x8b\x9c\xeb\x8f\x84\xed\x95\xb4 \xeb\xb3\xb4\xeb\x8b\xa4'",b'sample samples sampling sampled'
125,b'satisfy',b'v. \xeb\xa7\x8c\xec\xa1\xb1\xec\x8b\x9c\xed\x82\xa4\xeb\x8b\xa4',b'satisfy satisfies satisfying satisfied'
126,b'satisfaction',b'n. \xeb\xa7\x8c\xec\xa1\xb1',b'satisfaction satisfactions satisfactioning satisfactioned'
127,b'solely',b'adv. \xec\x98\xa4\xeb\xa1\x9c\xec\xa7\x80',b'solely solelies solelying solelied'
128,b'somewhat',"b'adv. \xec\x95\xbd\xea\xb0\x84, \xeb\x8b\xa4\xec\x86\x8c'",b'somewhat somewhats somewhatting somewhatted'
129,b'standard',"b'n. \xea\xb8\xb0\xec\xa4\x80, \xed\x91\x9c\xec\xa4\x80 adj. \xeb\xb3\xb4\xed\x86\xb5\xec\x9d\x98'",b'standard standards standarding standarded'
130,b'suggestion',b'n. \xec\xa0\x9c\xec\x95\x88',b'suggestion suggestions suggestioning suggestioned'
131,b'suggest',b'v. \xec\xa0\x9c\xec\x95\x88\xed\x95\x98\xeb\x8b\xa4',b'suggest suggests suggesting suggested'
132,b'suppose',"b'v. \xea\xb0\x80\xec\xa0\x95\xed\x95\x98\xeb\x8b\xa4, ~\xeb\x9d\xbc\xea\xb3\xa0 \xec\x83\x9d\xea\xb0\x81\xed\x95\x98\xeb\x8b\xa4'",b'suppose supposes supposing supposed'
133,b'survey',b'n. \xec\x84\xa4\xeb\xac\xb8 \xec\xa1\xb0\xec\x82\xac v. \xec\x84\xa4\xeb\xac\xb8 \xec\xa1\xb0\xec\x82\xac\xed\x95\x98\xeb\x8b\xa4',b'survey surveys surveying surveyed'
134,b'testing',"b'n. \xed\x85\x8c\xec\x8a\xa4\xed\x8a\xb8, \xea\xb2\x80\xec\x82\xac'",b'test tests testing tested'
135,b'trial',"b'n. \xec\x8b\x9c\xed\x97\x98, \xec\x8b\xa4\xed\x97\x98'",b'trial trials trialing trialed'
136,b'additional',b'adj. \xec\xb6\x94\xea\xb0\x80\xec\x9d\x98',b'additional additionals additionalling additionalled'
137,b'add',"b'v. \xeb\x8d\x94\xed\x95\x98\xeb\x8b\xa4, \xec\xb6\x94\xea\xb0\x80\xed\x95\x98\xeb\x8b\xa4'",b'add adds adding added'
138,b'appealing',"b'adj. \xed\x9d\xa5\xeb\xaf\xb8\xeb\xa1\x9c\xec\x9a\xb4, \xeb\xa7\xa4\xeb\xa0\xa5\xec\xa0\x81\xec\x9d\xb8'",b'appeal appeals appealing appealed'
139,b'beneficiary',b'n. \xec\x88\x98\xed\x98\x9c\xec\x9e\x90',b'beneficiary beneficiaries beneficiarying beneficiaried'
140,b'benefit',b'n. \xed\x98\x9c\xed\x83\x9d',b'benefit benefits benefiting benefited'
141,b'competitive',b'adj. \xea\xb2\xbd\xec\x9f\x81\xeb\xa0\xa5 \xec\x9e\x88\xeb\x8a\x94',b'competitive competitives competitiving competitived'
142,b'complimentary',b'adj. \xeb\xac\xb4\xeb\xa3\x8c\xec\x9d\x98',b'complimentary complimentaries complimentarying complimentaried'
143,b'coupon',"b'n. \xec\xbf\xa0\xed\x8f\xb0, \xed\x95\xa0\xec\x9d\xb8\xea\xb6\x8c'",b'coupon coupons couponning couponned'
144,b'feature',b'v. \xed\x8a\xb9\xeb\xb3\x84\xed\x9e\x88 \xed\x8f\xac\xed\x95\xa8\xed\x95\x98\xeb\x8b\xa4 n. \xed\x8a\xb9\xec\xa7\x95',b'feature features featuring featured'
145,b'form',"b'n. \xec\x96\x91\xec\x8b\x9d, \xec\x84\x9c\xec\x8b\x9d v. \xea\xb5\xac\xec\x84\xb1\xed\x95\x98\xeb\x8b\xa4'",b'form forms forming formed'
146,b'goods',"b'n. \xec\x83\x81\xed\x92\x88, \xec\xa0\x9c\xed\x92\x88'",b'good goods gooding gooded'
147,b'bulk',b'n. \xeb\x8c\x80\xeb\x9f\x89(\xea\xb5\xac\xeb\xa7\xa4)',b'bulk bulks bulking bulked'
148,b'join',b'v. \xea\xb0\x80\xec\x9e\x85\xed\x95\x98\xeb\x8b\xa4',b'join joins joining joined'
149,b'merchandise',b'n. \xec\x83\x81\xed\x92\x88',b'merchandise merchandises merchandising merchandised'
150,b'offer',"b'v. \xec\xa0\x9c\xea\xb3\xb5\xed\x95\x98\xeb\x8b\xa4 n. \xec\xa0\x9c\xea\xb3\xb5, \xed\x95\xa0\xec\x9d\xb8'",b'offer offers offering offered'
151,b'price',"b'n. \xea\xb0\x92, \xea\xb0\x80\xea\xb2\xa9'",b'price prices pricing priced'
152,b'promotional',b'adj. \xed\x99\x8d\xeb\xb3\xb4\xec\x9d\x98',b'promotional promotionals promotionalling promotionalled'
153,b'promote',b'v. \xed\x99\x8d\xeb\xb3\xb4\xed\x95\x98\xeb\x8b\xa4',b'promote promotes promoting promoted'
154,b'purchase',"b'v. \xea\xb5\xac\xeb\xa7\xa4\xed\x95\x98\xeb\x8b\xa4 n. \xea\xb5\xac\xec\x9e\x85, \xea\xb5\xac\xeb\xa7\xa4(\xed\x95\x9c \xea\xb2\x83)'",b'purchase purchases purchasing purchased'
155,b'range',b'n. \xeb\xb2\x94\xec\x9c\x84 v. (\xeb\xb2\x94\xec\x9c\x84\xea\xb0\x80 ~\xec\x97\x90) \xec\x9d\xb4\xeb\xa5\xb4\xeb\x8b\xa4',b'range ranges ranging ranged'
156,b'receive',b'v. \xeb\xb0\x9b\xeb\x8b\xa4',b'receive receives receiving received'
157,b'reduced',b'adj. \xed\x95\xa0\xec\x9d\xb8\xeb\x90\x9c',b'reduce reduces reducing reduced'
158,b'referral',"b'n. \xec\x86\x8c\xea\xb0\x9c, \xec\x9c\x84\xed\x83\x81'",b'referral referrals referralling referralled'
159,b'refundable',b'adj. \xed\x99\x98\xeb\xb6\x88 \xea\xb0\x80\xeb\x8a\xa5\xed\x95\x9c',b'refundable refundables refundabling refundabled'
160,b'register',b'v. \xeb\x93\xb1\xeb\xa1\x9d\xed\x95\x98\xeb\x8b\xa4',b'register registers registering registered'
161,b'reward',b'n. \xeb\xb3\xb4\xec\x83\x81',b'reward rewards rewarding rewarded'
162,b'subscribe',"b'v. \xea\xb5\xac\xeb\x8f\x85\xed\x95\x98\xeb\x8b\xa4, \xea\xb0\x80\xec\x9e\x85\xed\x95\x98\xeb\x8b\xa4'",b'subscribe subscribes subscribing subscribed'
163,b'subscription',b'n. \xea\xb5\xac\xeb\x8f\x85',b'subscription subscriptions subscriptioning subscriptioned'
164,b'subscriber',b'n. \xea\xb5\xac\xeb\x8f\x85\xec\x9e\x90',b'subscriber subscribers subscriberring subscriberred'
165,b'valid',"b'adj. \xec\x9c\xa0\xed\x9a\xa8\xed\x95\x9c, \xed\x83\x80\xeb\x8b\xb9\xed\x95\x9c'",b'valid valids validding validded'
166,b'voucher',"b'n. \xed\x95\xa0\xec\x9d\xb8\xea\xb6\x8c, \xec\x83\x81\xed\x92\x88\xea\xb6\x8c'",b'voucher vouchers voucherring voucherred'
167,b'applicant',b'n. \xec\xa7\x80\xec\x9b\x90\xec\x9e\x90',b'applicant applicants applicanting applicanted'
168,b'application',"b'n. \xec\xa7\x80\xec\x9b\x90, \xec\x8b\xa0\xec\xb2\xad'",b'application applications applicationing applicationed'
169,b'asset',"b'n. \xec\x9e\x90\xec\x82\xb0, \xec\x9e\xac\xec\x9b\x90'",b'asset assets assetting assetted'
170,b'candidate',"b'n. \xec\xa7\x80\xec\x9b\x90\xec\x9e\x90, \xed\x9b\x84\xeb\xb3\xb4\xec\x9e\x90'",b'candidate candidates candidating candidated'
171,b'career',"b'n. \xea\xb2\xbd\xeb\xa0\xa5, \xec\xa7\x81\xec\x9e\xa5 \xec\x83\x9d\xed\x99\x9c'",b'career careers careering careered'
172,b'certificate',"b'n. \xec\xa6\x9d\xec\x84\x9c, \xec\xa6\x9d\xeb\xaa\x85\xec\x84\x9c'",b'certificate certificates certificating certificated'
173,b'clerical',b'adj. \xec\x82\xac\xeb\xac\xb4\xec\xa7\x81\xec\x9d\x98',b'clerical clericals clericalling clericalled'
174,b'degree',b'n. \xed\x95\x99\xec\x9c\x84',b'degree degrees degreeing degreeed'
175,b'diploma',b'n. \xec\xa1\xb8\xec\x97\x85 \xec\xa6\x9d\xec\x84\x9c',b'diploma diplomas diplomaing diplomaed'
176,b'employ',b'v. \xea\xb3\xa0\xec\x9a\xa9\xed\x95\x98\xeb\x8b\xa4',b'employ employs employing employed'
177,b'employer',b'n. \xea\xb3\xa0\xec\x9a\xa9\xec\xa3\xbc',b'employer employers employering employered'
178,b'employee',"b'n. \xea\xb3\xa0\xec\x9a\xa9\xec\x9d\xb8, \xec\xa7\x81\xec\x9b\x90'",b'employee employees employeeing employeeed'
179,b'employment',"b'n. \xec\xb1\x84\xec\x9a\xa9, \xec\xb7\xa8\xec\x97\x85'",b'employment employments employmenting employmented'
180,b'familiarity',"b'n. \xec\xb9\x9c\xec\x88\x99\xed\x95\xa8, \xec\x9d\xb5\xec\x88\x99\xed\x95\xa8'",b'familiarity familiarities familiaritying familiaritied'
181,b'experienced',b'a. \xea\xb2\xbd\xed\x97\x98\xec\x9e\x88\xeb\x8a\x94',b'experience experiences experiencing experienced'
182,b'ideal',b'adj. \xec\x9d\xb4\xec\x83\x81\xec\xa0\x81\xec\x9d\xb8',b'ideal ideals idealing idealed'
183,b'managerial',"b'adj. \xea\xb2\xbd\xec\x98\x81\xec\x9d\x98, \xea\xb4\x80\xeb\xa6\xac\xec\x9d\x98'",b'managerial managerials managerialing managerialed'
184,b'newcomer',b'n. \xec\x8b\xa0\xec\x9e\x85\xec\x82\xac\xec\x9b\x90',b'newcomer newcomers newcomerring newcomerred'
185,b'pension',b'n. \xec\x97\xb0\xea\xb8\x88',b'pension pensions pensioning pensioned'
186,b'personnel',b'n. \xec\xa7\x81\xec\x9b\x90(\xeb\x93\xa4); \xec\x9d\xb8\xec\x82\xac\xea\xb3\xbc',b'personnel personnels personnelling personnelled'
187,b'position',"b'n. \xec\xa7\x81\xec\x9c\x84, \xec\xa7\x81\xec\xb1\x85'",b'position positions positioning positioned'
188,b'proficiency',"b'n. \xec\x88\x99\xeb\xa0\xa8, \xeb\x8a\xa5\xec\x88\x99'",b'proficiency proficiencies proficiencying proficiencied'
189,b'qualified',b'adj. \xec\x9e\x90\xea\xb2\xa9\xec\x9d\x84 \xea\xb0\x96\xec\xb6\x98',b'qualify qualifies qualifying qualified'
190,b'qualifications',b'n. \xec\x9e\x90\xea\xb2\xa9 \xec\x9a\x94\xea\xb1\xb4',b'qualification qualifications qualificationing qualificationed'
191,b'recruit',b'n. \xeb\xaa\xa8\xec\xa7\x91 v. \xec\xb1\x84\xec\x9a\xa9\xed\x95\x98\xeb\x8b\xa4',b'recruit recruits recruiting recruited'
192,b'reference',b'n. \xec\xb6\x94\xec\xb2\x9c\xec\x84\x9c',b'reference references referencing referenced'
193,b'requirement',"b'n. \xec\x9a\x94\xea\xb1\xb4, \xed\x95\x84\xec\x88\x98 \xec\xa1\xb0\xea\xb1\xb4'",b'requirement requirements requirementing requiremented'
194,b'wage',b'n. \xec\x9e\x84\xea\xb8\x88',b'wage wages waging waged'
195,b'accomplishment',"b'n. \xec\x97\x85\xec\xa0\x81, \xea\xb3\xb5\xec\xa0\x81'",b'accomplishment accomplishments accomplishmenting accomplishmented'
196,b'appoint',"b'v. \xec\x9e\x84\xeb\xaa\x85\xed\x95\x98\xeb\x8b\xa4, \xec\xa7\x80\xeb\xaa\x85\xed\x95\x98\xeb\x8b\xa4'",b'appoint appoints appointing appointed'
197,b'appraise',b'v. (\xec\x97\x85\xeb\xac\xb4\xeb\xa5\xbc) \xed\x8f\x89\xea\xb0\x80\xed\x95\x98\xeb\x8b\xa4',b'appraise appraises appraising appraised'
198,b'authorize',"b'v. \xec\x9e\xac\xea\xb0\x80\xed\x95\x98\xeb\x8b\xa4, \xea\xb6\x8c\xed\x95\x9c\xec\x9d\x84 \xeb\xb6\x80\xec\x97\xac\xed\x95\x98\xeb\x8b\xa4'",b'authorize authorizes authorizing authorized'
199,b'demote',"b'v. \xea\xb0\x95\xeb\x93\xb1\xec\x8b\x9c\xed\x82\xa4\xeb\x8b\xa4, \xec\xa2\x8c\xec\xb2\x9c\xec\x8b\x9c\xed\x82\xa4\xeb\x8b\xa4'",b'demote demotes demoting demoted'
200,b'dependable',b'adj. \xeb\xaf\xbf\xec\x9d\x8c\xec\xa7\x81\xed\x95\x9c (= reliable)',b'dependable dependables dependabling dependabled'
201,b'dismiss',b'v. \xed\x95\xb4\xea\xb3\xa0\xed\x95\x98\xeb\x8b\xa4',b'dismiss dismisses dismissing dismissed'
202,b'dismissal',b'n. \xed\x95\xb4\xea\xb3\xa0',b'dismissal dismissals dismissalling dismissalled'
203,b'empower',b'v. \xea\xb6\x8c\xed\x95\x9c\xec\x9d\x84 \xec\xa3\xbc\xeb\x8b\xa4',b'empower empowers empowering empowered'
204,b'expertise',b'n. \xec\xa0\x84\xeb\xac\xb8 \xec\xa7\x80\xec\x8b\x9d[\xea\xb8\xb0\xec\x88\xa0]',b'expertise expertises expertising expertised'
205,b'feat',"b'n. \xec\x9c\x84\xec\x97\x85, \xec\x97\x85\xec\xa0\x81 (= achievement)'",b'feat feats feating feated'
206,b'honorable',"b'adj. \xea\xb3\xa0\xea\xb2\xb0\xed\x95\x9c, \xeb\xaa\x85\xec\x98\x88\xeb\xa1\x9c\xec\x9a\xb4'",b'honorable honorables honorabling honorabled'
207,b'industrious',"b'adj. \xea\xb7\xbc\xeb\xa9\xb4\xed\x95\x9c (= hardworking, diligent)'",b'industriou industrious industriouing industrioued'
208,b'leadership',"b'n. \xec\xa7\x80\xeb\x8f\x84\xeb\xa0\xa5, \xed\x86\xb5\xec\x86\x94\xeb\xa0\xa5'",b'leadership leaderships leadershipping leadershipped'
209,b'mandatory',b'adj. \xec\x9d\x98\xeb\xac\xb4\xec\xa0\x81\xec\x9d\xb8 (= compulsory)',b'mandatory mandatories mandatorying mandatoried'
210,b'nominate',"b'v. \xec\xb6\x94\xec\xb2\x9c\xed\x95\x98\xeb\x8b\xa4, \xec\xa7\x80\xeb\xaa\x85\xed\x95\x98\xeb\x8b\xa4'",b'nominate nominates nominating nominated'
211,b'praise',b'v. \xec\xb9\xad\xec\xb0\xac\xed\x95\x98\xeb\x8b\xa4 n. \xec\xb9\xad\xec\xb0\xac',b'praise praises praising praised'
212,b'predecessor',b'n. \xec\xa0\x84\xec\x9e\x84\xec\x9e\x90',b'predecessor predecessors predecessorring predecessorred'
213,b'promotion',b'n. \xec\x8a\xb9\xec\xa7\x84',b'promotion promotions promotioning promotioned'
214,b'recognition',b'n. \xec\x9d\xb8\xec\xa0\x95',b'recognition recognitions recognitioning recognitioned'
215,b'recognize',b'v. \xec\x9d\xb8\xec\xa0\x95\xed\x95\x98\xeb\x8b\xa4',b'recognize recognizes recognizing recognized'
216,b'reinstate',b'v. \xeb\xb3\xb5\xea\xb7\x80\xec\x8b\x9c\xed\x82\xa4\xeb\x8b\xa4',b'reinstate reinstates reinstating reinstated'
217,b'resign',"b'v. \xec\x82\xac\xec\x9e\x84\xed\x95\x98\xeb\x8b\xa4, \xec\x82\xac\xec\xa7\x81\xed\x95\x98\xeb\x8b\xa4'",b'resign resigns resigning resigned'
218,b'resourceful',"b'adj. \xec\x88\x98\xeb\x8b\xa8\xec\x9d\xb4 \xec\xa2\x8b\xec\x9d\x80, \xea\xb8\xb0\xec\xa7\x80\xea\xb0\x80 \xec\x9e\x88\xeb\x8a\x94'",b'resourceful resourcefuls resourcefulling resourcefulled'
219,b'retirement',"b'n. \xec\x9d\x80\xed\x87\xb4, \xed\x87\xb4\xec\xa7\x81'",b'retirement retirements retirementing retiremented'
220,b'retire',"b'v. \xec\x9d\x80\xed\x87\xb4\xed\x95\x98\xeb\x8b\xa4, \xed\x87\xb4\xec\xa7\x81\xed\x95\x98\xeb\x8b\xa4'",b'retire retires retiring retired'
221,b'retiree',b'n. \xed\x87\xb4\xec\xa7\x81\xec\x9e\x90',b'retiree retirees retireeing retireeed'
222,b'skilled',b'adj. \xeb\x8a\xa5\xec\x88\x99\xed\x95\x9c',b'skil skils skilling skilled'
223,b'successor',"b'n. \xed\x9b\x84\xec\x9e\x84\xec\x9e\x90, \xea\xb3\x84\xec\x8a\xb9\xec\x9e\x90'",b'successor successors successorring successorred'
224,b'tenure',b'n. \xec\x9e\xac\xec\x9e\x84 \xea\xb8\xb0\xea\xb0\x84',b'tenure tenures tenuring tenured'
225,b'transfer',b'v. \xec\xa0\x84\xea\xb7\xbc \xea\xb0\x80\xeb\x8b\xa4',b'transfer transfers transferring transferred'
226,b'underestimate',b'v. \xea\xb3\xbc\xec\x86\x8c\xed\x8f\x89\xea\xb0\x80\xed\x95\x98\xeb\x8b\xa4',b'underestimate underestimates underestimating underestimated'
227,b'accommodations',b'n. \xec\x88\x99\xeb\xb0\x95\xec\x8b\x9c\xec\x84\xa4',b'accommodation accommodations accommodationing accommodationed'
228,b'accountant',b'n. \xed\x9a\x8c\xea\xb3\x84\xec\x82\xac',b'accountant accountants accountanting accountanted'
229,b'airfare',b'n. \xed\x95\xad\xea\xb3\xb5\xeb\xa3\x8c',b'airfare airfares airfaring airfared'
230,b'anticipate',b'v. \xec\x98\x88\xec\x83\x81\xed\x95\x98\xeb\x8b\xa4',b'anticipate anticipates anticipating anticipated'
231,b'approve',b'v. \xec\x8a\xb9\xec\x9d\xb8\xed\x95\x98\xeb\x8b\xa4',b'approve approves approving approved'
232,b'approval',b'n. \xec\x8a\xb9\xec\x9d\xb8',b'approval approvals approvalling approvalled'
233,b'authorization',"b'n. \xed\x97\x88\xea\xb0\x80, \xec\x9d\xb8\xea\xb0\x80'",b'authorization authorizations authorizationing authorizationed'
234,b'budget',b'n. \xec\x98\x88\xec\x82\xb0',b'budget budgets budgeting budgeted'
235,b'cost-effective',b'adj. \xeb\xb9\x84\xec\x9a\xa9 \xed\x9a\xa8\xec\x9c\xa8\xec\x9d\xb4 \xeb\x86\x92\xec\x9d\x80',b'cost-effective cost-effectives cost-effectiving cost-effectived'
236,b'cut',"b'n. \xec\x82\xad\xea\xb0\x90 v. \xec\x82\xad\xea\xb0\x90\xed\x95\x98\xeb\x8b\xa4, \xec\xa4\x84\xec\x9d\xb4\xeb\x8b\xa4'",b'cut cuts cutting'
237,b'estimate',b'n. \xea\xb2\xac\xec\xa0\x81(\xec\x84\x9c) v. \xec\xb6\x94\xec\x82\xb0\xed\x95\x98\xeb\x8b\xa4',b'estimate estimates estimating estimated'
238,b'exceed',"b'v. \xec\xb4\x88\xea\xb3\xbc\xed\x95\x98\xeb\x8b\xa4, \xeb\x84\x98\xec\x96\xb4\xec\x84\x9c\xeb\x8b\xa4'",b'exceed exceeds exceeding exceeded'
239,b'figure',"b'n. \xec\x88\x98\xec\xb9\x98, \xec\x88\xab\xec\x9e\x90'",b'figure figures figuring figured'
240,b'handle',"b'v. \xeb\x8b\xa4\xeb\xa3\xa8\xeb\x8b\xa4, \xec\xb2\x98\xeb\xa6\xac\xed\x95\x98\xeb\x8b\xa4'",b'handle handles handling handled'
241,b'include',b'v. \xed\x8f\xac\xed\x95\xa8\xed\x95\x98\xeb\x8b\xa4',b'include includes including included'
242,b'incur',b'v. \xec\xb4\x88\xeb\x9e\x98\xed\x95\x98\xeb\x8b\xa4',b'incur incurs incurring incurred'
243,b'issue',b'v. \xeb\xb0\x9c\xed\x96\x89\xed\x95\x98\xeb\x8b\xa4',b'issue issues issuing issued'
244,b'itinerary',b'n. (\xec\x97\xac\xed\x96\x89) \xec\x9d\xbc\xec\xa0\x95\xed\x91\x9c',b'itinerary itineraries itinerarying itineraried'
245,b'mistakenly',"b'adv. \xec\x9e\x98\xeb\xaa\xbb\xed\x95\x98\xec\x97\xac, \xec\x8b\xa4\xec\x88\x98\xeb\xa1\x9c'",b'mistakenly mistakenlies mistakenlying mistakenlied'
246,b'payment',b'n. \xeb\x82\xa9\xec\x9e\x85\xea\xb8\x88',b'payment payments paymenting paymented'
247,b'payroll',b'n. \xea\xb8\x89\xec\x97\xac',b'payroll payrolls payrolling payrolled'
248,b'prepaid',"b'adj. \xec\x84\xa0\xeb\x82\xa9\xeb\x90\x9c, \xec\x84\xa0\xeb\xb6\x88\xeb\x90\x9c'",b'prepay prepays prepaying prepaid'
249,b'procedure',"b'n. \xec\xa0\x88\xec\xb0\xa8, \xeb\xb0\xa9\xeb\xb2\x95'",b'procedure procedures proceduring procedured'
250,b'process',b'v. \xec\xb2\x98\xeb\xa6\xac\xed\x95\x98\xeb\x8b\xa4 n. \xea\xb3\xbc\xec\xa0\x95; \xea\xb3\xb5\xec\xa0\x95',b'process processes processing processed'
251,b'raise',"b'v. \xec\x98\xac\xeb\xa6\xac\xeb\x8b\xa4, \xec\x9d\xb8\xec\x83\x81\xed\x95\x98\xeb\x8b\xa4'",b'raise raises raising raised'
252,b'reimbursement',"b'n. \xeb\xb3\x80\xec\xa0\x9c, \xec\x83\x81\xed\x99\x98'",b'reimbursement reimbursements reimbursementing reimbursemented'
253,b'report',"b'v. \xeb\xb3\xb4\xea\xb3\xa0\xed\x95\x98\xeb\x8b\xa4, \xec\x95\x8c\xeb\xa6\xac\xeb\x8b\xa4'",b'report reports reporting reported'
254,b'settlement',"b'n. \xec\xa7\x80\xeb\xb6\x88, \xea\xb3\x84\xec\x82\xb0; \xed\x95\xa9\xec\x9d\x98'",b'settlement settlements settlementing settlemented'
255,b'submit',b'v. \xec\xa0\x9c\xec\xb6\x9c\xed\x95\x98\xeb\x8b\xa4',b'submit submits submitting submitted'
256,b'substantial',b'adj. \xec\x83\x81\xeb\x8b\xb9\xed\x95\x9c (\xec\x96\x91\xec\x9d\x98)',b'substantial substantials substantialing substantialed'
257,b'cancel',b'v. \xec\xb7\xa8\xec\x86\x8c\xed\x95\x98\xeb\x8b\xa4',b'cancel cancels cancelling cancelled'
258,b'cause',"b'n. \xeb\xaa\x85\xeb\xb6\x84, \xeb\xaa\xa9\xec\xa0\x81; \xec\x9b\x90\xec\x9d\xb8, \xec\x9d\xb4\xec\x9c\xa0'",b'cause causes causing caused'
259,b'change',"b'v. \xeb\xb0\x94\xea\xbe\xb8\xeb\x8b\xa4, \xec\x88\x98\xec\xa0\x95\xed\x95\x98\xeb\x8b\xa4 n. \xeb\xb3\x80\xed\x99\x94'",b'change changes changing changed'
260,b'commitment',"b'n. \xec\x95\xbd\xec\x86\x8d, \xec\xa0\x84\xeb\x85\x90'",b'commitment commitments commitmenting commitmented'
261,b'confirm',b'v. \xed\x99\x95\xec\x9d\xb8\xed\x95\xb4 \xec\xa3\xbc\xeb\x8b\xa4',b'confirm confirms confirming confirmed'
262,b'confirmation',b'n. \xed\x99\x95\xec\x9d\xb8',b'confirmation confirmations confirmationing confirmationed'
263,b'cooperate',b'v. \xed\x98\x91\xeb\xa0\xa5\xed\x95\x98\xeb\x8b\xa4',b'cooperate cooperates cooperating cooperated'
264,b'cooperation',"b'n. \xed\x98\x91\xeb\xa0\xa5, \xed\x98\x91\xec\xa1\xb0'",b'cooperation cooperations cooperationing cooperationed'
265,b'engagement',b'n. \xec\x95\xbd\xec\x86\x8d; \xea\xb3\xb5\xec\xa0\x81\xec\x9d\xb8 \xec\x97\x85\xeb\xac\xb4',b'engagement engagements engagementing engagemented'
266,b'ensure',b'v. \xeb\xb0\x98\xeb\x93\x9c\xec\x8b\x9c ~\xed\x95\x98\xea\xb2\x8c\xed\x95\x98\xeb\x8b\xa4',b'ensure ensures ensuring ensured'
267,b'flexible',"b'adj. \xec\x9c\xb5\xed\x86\xb5\xec\x84\xb1\xec\x9d\xb4 \xec\x9e\x88\xeb\x8a\x94, \xec\x9c\xa0\xec\x97\xb0\xed\x95\x9c'",b'flexible flexibles flexibling flexibled'
268,b'further',b'adj. \xec\xb6\x94\xea\xb0\x80\xec\x9d\x98 adv. \xeb\x8d\x94 (\xeb\xa9\x80\xeb\xa6\xac)',b'further furthers furthering furthered'
269,b'guideline',"b'n. \xea\xb0\x80\xec\x9d\xb4\xeb\x93\x9c\xeb\x9d\xbc\xec\x9d\xb8, \xec\xa7\x80\xec\xb9\xa8'",b'guideline guidelines guidelining guidelined'
270,b'install',b'v. \xec\x84\xa4\xec\xb9\x98\xed\x95\x98\xeb\x8b\xa4',b'install instals installing installed'
271,b'installation',b'n. \xec\x84\xa4\xec\xb9\x98',b'installation installations installationing installationed'
272,b'instead',b'prep. ~ \xeb\x8c\x80\xec\x8b\xa0\xec\x97\x90',b'instead insteads insteading insteaded'
273,b'listing',"b'n. \xeb\xa6\xac\xec\x8a\xa4\xed\x8a\xb8, \xeb\xaa\x85\xeb\x8b\xa8'",b'list lists listing listed'
274,b'list',"b'n. \xeb\xa6\xac\xec\x8a\xa4\xed\x8a\xb8, \xeb\xaa\x85\xeb\x8b\xa8 v. \xeb\xaa\xa9\xeb\xa1\x9d\xec\x9d\x84 \xec\x9e\x91\xec\x84\xb1\xed\x95\x98\xeb\x8b\xa4'",b'list lists listing listed'
275,b'measures',"b'n. \xeb\xb0\xa9\xec\x95\x88, \xeb\xb0\xa9\xeb\xb2\x95, \xec\xa1\xb0\xec\xb9\x98'",b'measure measures measuring measured'
276,b'notification',"b'n. \xec\x95\x8c\xeb\xa6\xbc, \xea\xb3\xb5\xec\xa7\x80'",b'notification notifications notificationing notificationed'
277,b'observe',b'v. \xec\xa4\x80\xec\x88\x98\xed\x95\x98\xeb\x8b\xa4',b'observe observes observing observed'
278,b'participate',b'v. \xec\xb0\xb8\xea\xb0\x80\xed\x95\x98\xeb\x8b\xa4',b'participate participates participating participated'
279,b'participation',b'n. \xec\xb0\xb8\xea\xb0\x80',b'participation participations participationing participationed'
280,b'postpone',"b'v. \xeb\xaf\xb8\xeb\xa3\xa8\xeb\x8b\xa4, \xec\x97\xb0\xea\xb8\xb0\xed\x95\x98\xeb\x8b\xa4'",b'postpone postpones postponing postponed'
281,b'reach',b'v. ~\xec\x97\x90\xea\xb2\x8c \xec\x97\xb0\xeb\x9d\xbd\xed\x95\x98\xeb\x8b\xa4',b'reach reaches reaching reached'
282,b'regret',b'v. \xec\x95\x88\xed\x83\x80\xea\xb9\x9d\xea\xb2\x8c \xec\x83\x9d\xea\xb0\x81\xed\x95\x98\xeb\x8b\xa4',b'regret regrets regretting regretted'
283,b'remind',b'v. \xec\x83\x81\xea\xb8\xb0\xec\x8b\x9c\xec\xbc\x9c\xec\xa3\xbc\xeb\x8b\xa4',b'remind reminds reminding reminded'
284,b'reschedule',b'v. \xec\x9d\xbc\xec\xa0\x95\xec\x9d\x84 \xeb\xb3\x80\xea\xb2\xbd\xed\x95\x98\xeb\x8b\xa4',b'reschedule reschedules rescheduling rescheduled'
285,b'safety',b'n. \xec\x95\x88\xec\xa0\x84(\xec\x84\xb1)',b'safety safeties safetying safetied'
286,b'session',b'n. (\xed\x8a\xb9\xec\xa0\x95 \xed\x99\x9c\xeb\x8f\x99) \xec\x8b\x9c\xea\xb0\x84; \xed\x9a\x8c\xec\x9d\x98',b'session sessions sessioning sessioned'
287,b'unexpected',b'adj. \xec\x98\x88\xea\xb8\xb0\xec\xb9\x98 \xeb\xaa\xbb\xed\x95\x9c',b'unexpect unexpects unexpecting unexpected'
288,b'unforeseen',"b'adj. \xeb\x9c\xbb\xeb\xb0\x96\xec\x9d\x98, \xec\x98\x88\xec\xb8\xa1\xed\x95\x98\xec\xa7\x80 \xeb\xaa\xbb\xed\x95\x9c'",b'unforeseen unforeseens unforeseening unforeseened'
289,b'update',"b'n. \xec\xb5\x9c\xec\x8b\xa0\xec\xa0\x95\xeb\xb3\xb4 v. \xec\x97\x85\xeb\x8d\xb0\xec\x9d\xb4\xed\x8a\xb8\xed\x95\x98\xeb\x8b\xa4, \xea\xb0\xb1\xec\x8b\xa0\xed\x95\x98\xeb\x8b\xa4'",b'update updates updating updated'
290,b'accurate',b'adj. \xec\xa0\x95\xed\x99\x95\xed\x95\x9c',b'accurate accurates accurating accurated'
291,b'attachment',"b'n. \xeb\xb6\x80\xec\xb0\xa9(\xeb\xac\xbc), \xec\xb2\xa8\xeb\xb6\x80\xeb\xac\xbc'",b'attachment attachments attachmenting attachmented'
292,b'attention',"b'n. \xec\xa3\xbc\xec\x9d\x98, \xec\xa3\xbc\xeb\xaa\xa9'",b'attention attentions attentioning attentioned'
293,b'attentive',b'adj. \xec\xa3\xbc\xec\x9d\x98\xeb\xa5\xbc \xea\xb8\xb0\xec\x9a\xb8\xec\x9d\xb4\xeb\x8a\x94',b'attentive attentives attentiving attentived'
294,b'attire',"b'n. \xec\x9d\x98\xeb\xb3\xb5, \xeb\xb3\xb5\xec\x9e\xa5'",b'attire attires attiring attired'
295,b'challenging',b'adj. \xeb\x8f\x84\xec\xa0\x84\xec\x9d\x84 \xec\x9a\x94\xed\x95\x98\xeb\x8a\x94',b'challenge challenges challenging challenged'
296,b'colleague',b'n. \xeb\x8f\x99\xeb\xa3\x8c',b'colleague colleagues colleagueing colleagueed'
297,b'commuter',b'n. \xed\x86\xb5\xea\xb7\xbc\xec\x9e\x90',b'commuter commuters commuterring commuterred'
298,b'demanding',"b'adj. \xed\x9e\x98\xeb\x93\xa0, \xea\xb9\x8c\xeb\x8b\xa4\xeb\xa1\x9c\xec\x9a\xb4'",b'demand demands demanding demanded'
299,b'document',"b'n. \xec\x84\x9c\xeb\xa5\x98, \xeb\xac\xb8\xec\x84\x9c'",b'document documents documenting documented'
300,b'documentation',b'n. \xec\xa6\x9d\xeb\xb9\x99 \xec\x84\x9c\xeb\xa5\x98',b'documentation documentations documentationing documentationed'
301,b'duty',"b'n. \xec\xa7\x81\xeb\xac\xb4, \xec\x9d\x98\xeb\xac\xb4'",b'duty duties dutying dutied'
302,b'facilitate',b'v. \xea\xb0\x80\xeb\x8a\xa5[\xec\x9a\xa9\xec\x9d\xb4]\xed\x95\x98\xea\xb2\x8c \xed\x95\x98\xeb\x8b\xa4',b'facilitate facilitates facilitating facilitated'
303,b'generate',b'v. \xeb\xb0\x9c\xec\x83\x9d\xec\x8b\x9c\xed\x82\xa4\xeb\x8b\xa4',b'generate generates generating generated'
304,b'momentum',"b'n. \xed\x83\x84\xeb\xa0\xa5, \xea\xb0\x80\xec\x86\x8d\xeb\x8f\x84'",b'momentum momentums momentumming momentummed'
305,b'motivate',b'v. \xeb\x8f\x99\xea\xb8\xb0\xeb\xa5\xbc \xeb\xb6\x80\xec\x97\xac\xed\x95\x98\xeb\x8b\xa4',b'motivate motivates motivating motivated'
306,b'operate',"b'v. \xec\xa1\xb0\xec\x9e\x91\xed\x95\x98\xeb\x8b\xa4, \xea\xb0\x80\xeb\x8f\x99\xed\x95\x98\xeb\x8b\xa4'",b'operate operates operating operated'
307,b'paperwork',b'n. \xeb\xac\xb8\xec\x84\x9c \xec\x97\x85\xeb\xac\xb4',b'paperwork paperworks paperworking paperworked'
308,b'productivity',b'n. \xec\x83\x9d\xec\x82\xb0\xec\x84\xb1',b'productivity productivities productivitying productivitied'
309,b'refreshing',"b'adj. \xec\x8b\xa0\xec\x84\xa0\xed\x95\x9c, \xec\x9b\x90\xea\xb8\xb0\xeb\xa5\xbc \xeb\xb6\x81\xeb\x8f\x8b\xec\x9a\xb0\xeb\x8a\x94'",b'refresh refreshes refreshing refreshed'
310,b'supervisor',b'n. \xea\xb4\x80\xeb\xa6\xac\xec\x9e\x90',b'supervisor supervisors supervisorring supervisorred'
311,b'supervise',b'v. \xea\xb4\x80\xeb\xa6\xac\xed\x95\x98\xeb\x8b\xa4',b'supervise supervises supervising supervised'
312,b'workforce',b'n. \xec\x9d\xb8\xeb\xa0\xa5',b'workforce workforces workforcing workforced'
313,b'workplace',"b'n. \xec\xa7\x81\xec\x9e\xa5, \xec\x9d\xbc\xed\x84\xb0'",b'workplace workplaces workplacing workplaced'
314,b'acknowledge',b'v. \xec\x9d\xb8\xec\xa0\x95\xed\x95\x98\xeb\x8b\xa4',b'acknowledge acknowledges acknowledging acknowledged'
315,b'anniversary',b'n. \xea\xb8\xb0\xeb\x85\x90\xec\x9d\xbc',b'anniversary anniversaries anniversarying anniversaried'
316,b'award',"b'n. \xec\x83\x81, \xec\x83\x81\xed\x8c\xa8 v. \xec\x88\x98\xec\x97\xac\xed\x95\x98\xeb\x8b\xa4, \xec\xa3\xbc\xeb\x8b\xa4'",b'award awards awarding awarded'
317,b'banquet',b'n. \xec\x97\xb0\xed\x9a\x8c',b'banquet banquets banqueting banqueted'
318,b'celebration',b'n. \xea\xb8\xb0\xeb\x85\x90 \xed\x96\x89\xec\x82\xac',b'celebration celebrations celebrationing celebrationed'
319,b'citation',b'n. \xed\x91\x9c\xec\xb0\xbd\xec\x9e\xa5; \xec\x9d\xb8\xec\x9a\xa9\xeb\xac\xb8',b'citation citations citationing citationed'
320,b'commemorate',b'v. \xea\xb8\xb0\xeb\x85\x90\xed\x95\x98\xeb\x8b\xa4',b'commemorate commemorates commemorating commemorated'
321,b'congratulate',b'v. \xec\xb6\x95\xed\x95\x98\xed\x95\x98\xeb\x8b\xa4',b'congratulate congratulates congratulating congratulated'
322,b'convene',"b'v. \xed\x9a\x8c\xed\x95\xa9\xed\x95\x98\xeb\x8b\xa4, \xec\x86\x8c\xec\xa7\x91\xed\x95\x98\xeb\x8b\xa4'",b'convene convenes convening convened'
323,b'dedication',"b'n. \xed\x97\x8c\xec\x8b\xa0, \xec\xa0\x84\xeb\x85\x90'",b'dedication dedications dedicationing dedicationed'
324,b'encourage',"b'v. \xea\xb2\xa9\xeb\xa0\xa4\xed\x95\x98\xeb\x8b\xa4, \xec\x9e\xa5\xeb\xa0\xa4\xed\x95\x98\xeb\x8b\xa4'",b'encourage encourages encouraging encouraged'
325,b'entertainment',b'n. \xec\x98\xa4\xeb\x9d\xbd; \xec\xa0\x91\xeb\x8c\x80',b'entertainment entertainments entertainmenting entertainmented'
326,b'enthusiastic',b'adj. \xec\x97\xb4\xec\xa0\x95\xec\xa0\x81\xec\x9d\xb8',b'enthusiastic enthusiastices enthusiasticking enthusiasticked'
327,b'excellence',"b'n. \xeb\x9b\xb0\xec\x96\xb4\xeb\x82\xa8, \xed\x83\x81\xec\x9b\x94\xed\x95\xa8'",b'excellence excellences excellencing excellenced'
328,b'exemplary',"b'adj. \xeb\xaa\xa8\xeb\xb2\x94\xec\xa0\x81\xec\x9d\xb8, \xeb\xb3\xb8\xeb\xb3\xb4\xea\xb8\xb0\xea\xb0\x80 \xeb\x90\x98\xeb\x8a\x94'",b'exemplary exemplaries exemplarying exemplaried'
329,b'grateful',"b'adj. \xea\xb3\xa0\xeb\xa7\x88\xec\x9b\x8c\xed\x95\x98\xeb\x8a\x94, \xea\xb0\x90\xec\x82\xac\xed\x95\x98\xeb\x8a\x94'",b'grateful gratefuls gratefulling gratefulled'
330,b'gratitude',"b'n. \xea\xb0\x90\xec\x82\xac, \xea\xb3\xa0\xeb\xa7\x88\xec\x9b\x80'",b'gratitude gratitudes gratituding gratituded'
331,b'host',b'v. \xea\xb0\x9c\xec\xb5\x9c\xed\x95\x98\xeb\x8b\xa4',b'host hosts hosting hosted'
332,b'impressive',b'adj. \xec\x9d\xb8\xec\x83\x81\xec\xa0\x81\xec\x9d\xb8',b'impressive impressives impressiving impressived'
333,b'inspire',"b'v. \xea\xb3\xa0\xeb\xac\xb4\xec\x8b\x9c\xed\x82\xa4\xeb\x8b\xa4, \xec\x98\x81\xea\xb0\x90\xec\x9d\x84 \xec\xa3\xbc\xeb\x8b\xa4'",b'inspire inspires inspiring inspired'
334,b'inspiring',"b'adj. \xea\xb3\xa0\xeb\xac\xb4\xed\x95\x98\xeb\x8a\x94, \xec\x98\x81\xea\xb0\x90\xec\x9d\x84 \xec\xa3\xbc\xeb\x8a\x94'",b'inspire inspires inspiring inspired'
335,b'invitation',b'n. \xec\xb4\x88\xeb\x8c\x80(\xec\x9e\xa5)',b'invitation invitations invitationing invitationed'
336,b'leading',"b'adj. \xec\x84\xa0\xeb\x91\x90\xec\x9d\x98, \xec\x9d\xb4\xeb\x81\x84\xeb\x8a\x94'",b'lead leads leading led'
337,b'mark',b'v. \xea\xb8\xb0\xeb\x85\x90\xed\x95\x98\xeb\x8b\xa4; \xed\x9d\x94\xec\xa0\x81\xec\x9d\x84 \xeb\x82\xa8\xea\xb8\xb0\xeb\x8b\xa4',b'mark marks marking marked'
338,b'morale',"b'n. \xec\x9d\x98\xec\x9a\x95, \xec\x82\xac\xea\xb8\xb0'",b'morale morales moraling moraled'
339,b'regard',"b'v. \xec\x97\xac\xea\xb8\xb0\xeb\x8b\xa4, \xea\xb0\x84\xec\xa3\xbc\xed\x95\x98\xeb\x8b\xa4'",b'regard regards regarding regarded'
340,b'renowned',b'adj. \xec\x9c\xa0\xeb\xaa\x85\xed\x95\x9c',b'renown renowns renowning renowned'
341,b'respectively',"b'adv. \xea\xb0\x81\xec\x9e\x90, \xea\xb0\x81\xea\xb0\x81, \xec\xa0\x9c\xea\xb0\x81\xea\xb8\xb0'",b'respectively respectivelies respectivelying respectivelied'
342,b'acquisition',b'n. \xec\x9d\xb8\xec\x88\x98',b'acquisition acquisitions acquisitioning acquisitioned'
343,b'acquire',"b'v. \xec\x9d\xb8\xec\x88\x98\xed\x95\x98\xeb\x8b\xa4, \xec\x96\xbb\xeb\x8b\xa4'",b'acquire acquires acquiring acquired'
344,b'affect',b'v. \xec\x98\x81\xed\x96\xa5\xec\x9d\x84 \xeb\xaf\xb8\xec\xb9\x98\xeb\x8b\xa4',b'affect affects affecting affected'
345,b'announce',"b'v. \xeb\xb0\x9c\xed\x91\x9c\xed\x95\x98\xeb\x8b\xa4, \xec\x95\x8c\xeb\xa6\xac\xeb\x8b\xa4'",b'announce announces announcing announced'
346,b'announcement',b'n. \xea\xb3\xb5\xec\xa7\x80',b'announcement announcements announcementing announcemented'
347,b'combine',b'v. \xea\xb2\xb0\xed\x95\xa9\xed\x95\x98\xeb\x8b\xa4',b'combine combines combining combined'
348,b'agreement',b'n. \xed\x95\xa9\xec\x9d\x98',b'agreement agreements agreementing agreemented'
349,b'competition',b'n. \xea\xb2\xbd\xec\x9f\x81',b'competition competitions competitioning competitioned'
350,b'competitiveness',b'n. \xea\xb2\xbd\xec\x9f\x81\xeb\xa0\xa5',b'competitivenes competitiveness competitivenessing competitivenessed'
351,b'compete',b'v. \xea\xb2\xbd\xec\x9f\x81\xed\x95\x98\xeb\x8b\xa4',b'compete competes competing competed'
352,b'concern',"b'n. \xec\x9a\xb0\xeb\xa0\xa4, \xea\xb1\xb1\xec\xa0\x95'",b'concern concerns concerning concerned'
353,b'confront',"b'v. \xeb\xa7\x9e\xec\x84\x9c\xeb\x8b\xa4, \xec\xa7\x81\xeb\xa9\xb4\xed\x95\x98\xeb\x8b\xa4'",b'confront confronts confronting confronted'
354,b'dominate',b'v. \xec\xa7\x80\xeb\xb0\xb0\xed\x95\x98\xeb\x8b\xa4',b'dominate dominates dominating dominated'
355,b'efficient',b'adj. \xed\x9a\xa8\xec\x9c\xa8\xec\xa0\x81\xec\x9d\xb8',b'efficient efficients efficienting efficiented'
356,b'eliminate',"b'v. \xec\x97\x86\xec\x95\xa0\xeb\x8b\xa4, \xec\xa0\x9c\xea\xb1\xb0\xed\x95\x98\xeb\x8b\xa4'",b'eliminate eliminates eliminating eliminated'
357,b'emerge',"b'v. \xeb\xb6\x80\xec\x83\x81\xed\x95\x98\xeb\x8b\xa4, \xeb\xb6\x80\xea\xb0\x81\xeb\x90\x98\xeb\x8b\xa4'",b'emerge emerges emerging emerged'
358,b'established',b'adj. \xed\x99\x95\xeb\xa6\xbd\xeb\x90\x9c; \xed\x99\x95\xea\xb3\xa0\xed\x9e\x88 \xec\x9e\x90\xeb\xa6\xac\xeb\xa5\xbc \xec\x9e\xa1\xec\x9d\x80',b'establish establishes establishing established'
359,b'expenditure',b'n. \xec\xa7\x80\xec\xb6\x9c; \xeb\xb9\x84\xec\x9a\xa9; \xec\x86\x8c\xeb\xb9\x84',b'expenditure expenditures expendituring expenditured'
360,b'formation',"b'n. \xed\x98\x95\xec\x84\xb1; \xeb\x8c\x80\xed\x98\x95, \xed\x8e\xb8\xeb\x8c\x80'",b'formation formations formationing formationed'
361,b'found',b'v. \xec\x84\xa4\xeb\xa6\xbd\xed\x95\x98\xeb\x8b\xa4',b'find finds finding found'
362,b'bankrupt',b'n. \xed\x8c\x8c\xec\x82\xb0',b'bankrupt bankrupts bankrupting bankrupted'
363,b'independent',"b'adj. \xeb\x8f\x85\xeb\xa6\xbd\xeb\x90\x9c, \xeb\x8f\x85\xec\x9e\x90\xec\xa0\x81\xec\x9d\xb8'",b'independent independents independenting independented'
364,b'integrate',b'v. \xed\x86\xb5\xed\x95\xa9\xec\x8b\x9c\xed\x82\xa4\xeb\x8b\xa4',b'integrate integrates integrating integrated'
365,b'merger',b'n. \xed\x95\xa9\xeb\xb3\x91',b'merger mergers mergerring mergerred'
366,b'officially',b'adv. \xea\xb3\xb5\xec\x8b\x9d\xec\xa0\x81\xec\x9c\xbc\xeb\xa1\x9c',b'officially officiallies officiallying officiallied'
367,b'negotiation',b'n. \xed\x98\x91\xec\x83\x81',b'negotiation negotiations negotiationing negotiationed'
368,b'operation',b'n. \xec\x82\xac\xec\x97\x85',b'operation operations operationing operationed'
369,b'outstanding',"b'adj. \xeb\x9b\xb0\xec\x96\xb4\xeb\x82\x9c, \xea\xb1\xb8\xec\xb6\x9c\xed\x95\x9c'",b'outstand outstands outstanding outstood'
370,b'redundancy',b'n. \xec\x97\xac\xeb\xb6\x84; \xec\x9e\x89\xec\x97\xac \xec\x9d\xb8\xec\x9b\x90',b'redundancy redundancies redundancying redundancied'
371,b'resource',b'n. \xec\x9e\x90\xec\x9b\x90',b'resource resources resourcing resourced'
372,b'restructure',b'n. \xea\xb5\xac\xec\xa1\xb0 \xec\xa1\xb0\xec\xa0\x95\xed\x95\x98\xeb\x8b\xa4',b'restructure restructures restructuring restructured'
373,b'statement',"b'n. \xec\x84\xb1\xeb\xaa\x85(\xec\x84\x9c), \xec\xa7\x84\xec\x88\xa0(\xec\x84\x9c)'",b'statement statements statementing statemented'
374,b'takeover',b'n. \xea\xb8\xb0\xec\x97\x85[\xea\xb2\xbd\xec\x98\x81\xea\xb6\x8c] \xec\x9d\xb8\xec\x88\x98',b'takeover takeovers takeoverring takeoverred'
375,b'upcoming',"b'adj. \xeb\x8b\xa4\xea\xb0\x80\xec\x98\xa4\xeb\x8a\x94, \xea\xb3\xa7 \xec\x9e\x88\xec\x9d\x84'",b'upcome upcomes upcoming upcomed'
376,b'alteration',"b'n. \xea\xb0\x9c\xec\xa1\xb0, \xeb\xb3\x80\xed\x99\x94'",b'alteration alterations alterationing alterationed'
377,b'celebrate',b'v. \xea\xb8\xb0\xeb\x85\x90[\xec\xb6\x95\xed\x95\x98]\xed\x95\x98\xeb\x8b\xa4',b'celebrate celebrates celebrating celebrated'
378,b'complicated',b'adj. \xeb\xb3\xb5\xec\x9e\xa1\xed\x95\x9c',b'complicate complicates complicating complicated'
379,b'consent',"b'n. \xeb\x8f\x99\xec\x9d\x98, \xed\x95\xa9\xec\x9d\x98 v. \xeb\x8f\x99\xec\x9d\x98\xed\x95\x98\xeb\x8b\xa4'",b'consent consents consenting consented'
380,b'current',b'adj. \xed\x98\x84\xec\x9e\xac\xec\x9d\x98',b'current currents currenting currented'
381,b'currently',"b'adv. \xed\x98\x84\xec\x9e\xac, \xec\xa7\x80\xea\xb8\x88'",b'currently currentlies currentlying currentlied'
382,b'determine',b'v. \xea\xb2\xb0\xec\xa0\x95\xed\x95\x98\xeb\x8b\xa4',b'determine determines determining determined'
383,b'diversified',"b'adj. \xeb\x8b\xa4\xea\xb0\x81\xed\x99\x94\xeb\x90\x9c, \xeb\x8b\xa4\xec\x96\x91\xed\x95\x9c'",b'diversify diversifies diversifying diversified'
384,b'enhance',b'v. \xed\x96\xa5\xec\x83\x81\xec\x8b\x9c\xed\x82\xa4\xeb\x8b\xa4',b'enhance enhances enhancing enhanced'
385,b'enlarge',b'v. \xed\x99\x95\xec\x9e\xa5\xed\x95\x98\xeb\x8b\xa4',b'enlarge enlarges enlarging enlarged'
386,b'expand',b'v. \xed\x99\x95\xec\x9e\xa5\xed\x95\x98\xeb\x8b\xa4',b'expand expands expanding expanded'
387,b'expansion',b'n. \xed\x99\x95\xec\x9e\xa5',b'expansion expansions expansioning expansioned'
388,b'finalize',"b'v. \xeb\xa7\x88\xeb\xac\xb4\xeb\xa6\xac\xec\xa7\x93\xeb\x8b\xa4, \xec\x99\x84\xea\xb2\xb0\xed\x95\x98\xeb\x8b\xa4'",b'finalize finalizes finalizing finalized'
389,b'headquarters',b'n. \xeb\xb3\xb8\xec\x82\xac',b'headquarter headquarters headquarterring headquarterred'
390,b'imperative',"b'adj. \xeb\xb0\x98\xeb\x93\x9c\xec\x8b\x9c \xed\x95\xb4\xec\x95\xbc \xed\x95\x98\xeb\x8a\x94, \xea\xb8\xb4\xec\x9a\x94\xed\x95\x9c'",b'imperative imperatives imperativing imperatived'
391,b'initial',"b'adj. \xec\xb2\x98\xec\x9d\x8c\xec\x9d\x98, \xec\xb4\x88\xea\xb8\xb0\xec\x9d\x98'",b'initial initials initialling initialled'
392,b'launch',b'v. \xec\xb0\xa9\xec\x88\x98\xed\x95\x98\xeb\x8b\xa4',b'launch launches launching launched'
393,b'location',"b'n. \xec\x9c\x84\xec\xb9\x98, \xec\x9e\xa5\xec\x86\x8c, \xea\xb3\xb3'",b'location locations locationing locationed'
394,b'move',b'v. \xec\x98\xae\xea\xb8\xb0\xeb\x8b\xa4; \xec\xa7\x84\xed\x96\x89\xeb\x90\x98\xeb\x8b\xa4',b'move moves moving moved'
395,b'original',b'adj. \xec\x9b\x90\xeb\x9e\x98\xec\x9d\x98',b'original originals originalling originalled'
396,b'outgrow',b'v. ~\xeb\xb3\xb4\xeb\x8b\xa4 \xeb\x8d\x94 \xec\xbb\xa4\xec\xa7\x80\xeb\x8b\xa4',b'outgrow outgrows outgrowing outgrew outgrown'
397,b'prosperous',"b'adj. \xeb\xb2\x88\xec\x98\x81\xed\x95\x98\xeb\x8a\x94, \xeb\xb2\x88\xec\xb0\xbd\xed\x95\x98\xeb\x8a\x94'",b'prosperou prosperous prosperouing prosperoued'
398,b'relocate',"b'v. \xec\x9d\xb4\xec\xa0\x84\xed\x95\x98\xeb\x8b\xa4, \xec\x9d\xb4\xeb\x8f\x99\xed\x95\x98\xeb\x8b\xa4'",b'relocate relocates relocating relocated'
399,b'reputation',"b'n. \xeb\xaa\x85\xec\x84\xb1, \xed\x8f\x89\xed\x8c\x90'",b'reputation reputations reputationing reputationed'
400,b'retain',"b'v. \xeb\xb3\xb4\xec\x9c\xa0\xed\x95\x98\xeb\x8b\xa4, \xec\x9c\xa0\xec\xa7\x80\xed\x95\x98\xeb\x8b\xa4'",b'retain retains retaining retained'
401,b'selection',"b'n. \xec\x84\xa0\xeb\xb3\x84(\xeb\x90\x9c \xea\xb2\x83\xeb\x93\xa4), \xec\x84\xa0\xed\x83\x9d'",b'selection selections selectioning selectioned'
402,b'showcase',b'v. \xec\x86\x8c\xea\xb0\x9c[\xec\xa7\x84\xec\x97\xb4]\xed\x95\x98\xeb\x8b\xa4 n. \xea\xb3\xb5\xea\xb0\x9c \xed\x96\x89\xec\x82\xac',b'showcase showcases showcasing showcased'
403,b'stock',b'v. (\xec\x83\x81\xed\x92\x88\xec\x9d\x84) \xea\xb0\x96\xec\xb6\xb0 \xeb\x91\x90\xeb\x8b\xa4 n. \xec\x9e\xac\xea\xb3\xa0\xed\x92\x88',b'stock stocks stocking stocked'
404,b'timely',b'adj. \xec\x8b\x9c\xea\xb8\xb0 \xec\xa0\x81\xec\xa0\x88\xed\x95\x9c',b'timely timelies timelying timelied'
405,b'trade',"b'n. \xea\xb1\xb0\xeb\x9e\x98, \xeb\xac\xb4\xec\x97\xad v. \xea\xb1\xb0\xeb\x9e\x98\xed\x95\x98\xeb\x8b\xa4, \xeb\xa7\xa4\xeb\xa7\xa4\xed\x95\x98\xeb\x8b\xa4'",b'trade trades trading traded'
406,b'transition',"b'n. \xeb\xb3\x80\xed\x99\x94, \xec\xb6\x94\xec\x9d\xb4'",b'transition transitions transitioning transitioned'
407,b'automate',b'v. \xec\x9e\x90\xeb\x8f\x99\xed\x99\x94\xed\x95\x98\xeb\x8b\xa4',b'automate automates automating automated'
408,b'automation',b'n. \xec\x9e\x90\xeb\x8f\x99\xed\x99\x94',b'automation automations automationing automationed'
409,b'collective',b'adj. \xec\xa7\x91\xeb\x8b\xa8\xec\x9d\x98; \xea\xb3\xb5\xed\x86\xb5\xec\x9d\x98',b'collective collectives collectiving collectived'
410,b'component',"b'n. \xeb\xb6\x80\xed\x92\x88, \xec\x9a\x94\xec\x86\x8c'",b'component components componenting componented'
411,b'domestic',b'adj. \xea\xb5\xad\xeb\x82\xb4\xec\x9d\x98',b'domestic domestices domesticking domesticked'
412,b'double',b'v. \xeb\x91\x90 \xeb\xb0\xb0\xea\xb0\x80 \xeb\x90\x98\xeb\x8b\xa4',b'double doubles doubling doubled'
413,b'equipment',"b'n. \xec\x9e\xa5\xeb\xb9\x84, \xec\x9a\xa9\xed\x92\x88'",b'equipment equipments equipmenting equipmented'
414,b'existing',b'adj. \xea\xb8\xb0\xec\xa1\xb4\xec\x9d\x98',b'exist exists existing existed'
415,b'facility',b'n. \xec\x8b\x9c\xec\x84\xa4',b'facility facilities facilitying facilitied'
416,b'inspect',"b'v. \xec\xa0\x90\xea\xb2\x80\xed\x95\x98\xeb\x8b\xa4, \xec\xa1\xb0\xec\x82\xac\xed\x95\x98\xeb\x8b\xa4'",b'inspect inspects inspecting inspected'
417,b'inventory',b'n. \xec\x9e\xac\xea\xb3\xa0[\xeb\xac\xbc\xed\x92\x88] \xeb\xaa\xa9\xeb\xa1\x9d',b'inventory inventories inventorying inventoried'
418,b'machinery',b'n. \xea\xb8\xb0\xea\xb3\x84',b'machinery machineries machinerying machineried'
419,b'manufacturer',b'n. \xec\xa0\x9c\xec\xa1\xb0 \xec\x97\x85\xec\xb2\xb4',b'manufacturer manufacturers manufacturerring manufacturerred'
420,b'maximize',b'v. \xea\xb7\xb9\xeb\x8c\x80\xed\x99\x94\xed\x95\x98\xeb\x8b\xa4',b'maximize maximizes maximizing maximized'
421,b'output',b'n. \xec\x83\x9d\xec\x82\xb0\xeb\x9f\x89',b'output outputs outputting outputted'
422,b'plant',b'n. \xea\xb3\xb5\xec\x9e\xa5 (= factory)',b'plant plants planting planted'
423,b'potential',b'adj. \xec\x9e\xa0\xec\x9e\xac\xec\xa0\x81\xec\x9d\xb8 n. \xec\x9e\xa0\xec\x9e\xac \xea\xb0\x80\xeb\x8a\xa5\xec\x84\xb1',b'potential potentials potentialing potentialed'
424,b'proceed',b'v. \xec\xa7\x84\xed\x96\x89\xed\x95\x98\xeb\x8b\xa4',b'proceed proceeds proceeding proceeded'
425,b'produce',b'v. \xec\x83\x9d\xec\x82\xb0\xed\x95\x98\xeb\x8b\xa4 (= manufacture)',b'produce produces producing produced'
426,b'quantity',b'n. \xec\x96\x91',b'quantity quantities quantitying quantitied'
427,b'reduction',"b'n. \xec\xb6\x95\xec\x86\x8c, \xec\x82\xad\xea\xb0\x90; \xed\x95\xa0\xec\x9d\xb8'",b'reduction reductions reductioning reductioned'
428,b'region',b'n. \xec\xa7\x80\xec\x97\xad',b'region regions regioning regioned'
429,b'storage',"b'n. \xec\xa0\x80\xec\x9e\xa5(\xec\x86\x8c), \xeb\xb3\xb4\xea\xb4\x80(\xec\x86\x8c)'",b'storage storages storaging storaged'
430,b'streamline',b'v. \xea\xb0\x84\xec\x86\x8c\xed\x99\x94\xed\x95\x98\xeb\x8b\xa4',b'streamline streamlines streamlining streamlined'
431,b'sustainable',b'adj. \xec\xa7\x80\xec\x86\x8d \xea\xb0\x80\xeb\x8a\xa5\xed\x95\x9c',b'sustainable sustainables sustainabling sustainabled'
432,b'warehouse',b'n. \xec\xb0\xbd\xea\xb3\xa0',b'warehouse warehouses warehousing warehoused'
433,b'yield',"b'v. \xec\x82\xb0\xec\xb6\x9c\xed\x95\x98\xeb\x8b\xa4, \xec\x83\x9d\xec\x82\xb0\xed\x95\x98\xeb\x8b\xa4'",b'yield yields yielding yielded'
434,b'analyze',b'v. \xeb\xb6\x84\xec\x84\x9d\xed\x95\x98\xeb\x8b\xa4',b'analyze analyzes analyzing analyzed'
435,b'annual',"b'adj. \xeb\xa7\xa4\xeb\x85\x84\xec\x9d\x98, \xec\x97\xb0\xeb\xa1\x80\xec\x9d\x98'",b'annual annuals annualing annualed'
436,b'debt',b'n. \xec\xb1\x84\xeb\xac\xb4',b'debt debts debting debted'
437,b'deduction',b'n. \xea\xb3\xb5\xec\xa0\x9c',b'deduction deductions deductioning deductioned'
438,b'deficit',"b'n. \xec\xa0\x81\xec\x9e\x90, \xea\xb2\xb0\xec\x86\x90, \xeb\xb6\x80\xec\xa1\xb1\xec\x95\xa1'",b'deficit deficits deficitting deficitted'
439,b'demonstrate',b'v. \xec\x9e\x85\xec\xa6\x9d\xed\x95\x98\xeb\x8b\xa4; \xec\x8b\x9c\xec\x97\xb0\xed\x95\x98\xeb\x8b\xa4',b'demonstrate demonstrates demonstrating demonstrated'
440,b'fiscal',"b'adj. \xec\x9e\xac\xec\xa0\x95\xec\x83\x81\xec\x9d\x98, \xed\x9a\x8c\xea\xb3\x84\xec\x9d\x98'",b'fiscal fiscals fiscalling fiscalled'
441,b'indicator',b'n. \xec\xa7\x80\xed\x91\x9c',b'indicator indicators indicatorring indicatorred'
442,b'invest',b'v. \xed\x88\xac\xec\x9e\x90\xed\x95\x98\xeb\x8b\xa4',b'invest invests investing invested'
443,b'investor',b'n. \xed\x88\xac\xec\x9e\x90\xec\x9e\x90',b'investor investors investorring investorred'
444,b'loan',"b'n. \xec\x9c\xb5\xec\x9e\x90, \xeb\x8c\x80\xec\xb6\x9c v. \xeb\x8c\x80\xec\xb6\x9c\xed\x95\x98\xeb\x8b\xa4'",b'loan loans loaning loaned'
445,b'loss',"b'n. \xec\x86\x90\xec\x8b\xa4, \xec\x86\x90\xed\x95\xb4'",b'los loss lossing lossed'
446,b'profit',"b'n. \xec\x9d\xb4\xec\x9d\xb5, \xec\x88\x98\xec\x9d\xb5, \xec\x9d\xb4\xec\x9c\xa4'",b'profit profits profiting profited'
447,b'profitable',b'adj. \xec\x88\x98\xec\x9d\xb5\xec\x84\xb1\xec\x9d\xb4 \xec\x9e\x88\xeb\x8a\x94',b'profitable profitables profitabling profitabled'
448,b'profitability',b'n. \xec\x88\x98\xec\x9d\xb5\xec\x84\xb1',b'profitability profitabilities profitabilitying profitabilitied'
449,b'record',b'adj. \xea\xb8\xb0\xeb\xa1\x9d\xec\xa0\x81\xec\x9d\xb8 n. \xea\xb8\xb0\xeb\xa1\x9d',b'record records recording recorded'
450,b'reimburse',"b'v. \xeb\xb0\xb0\xec\x83\x81\xed\x95\x98\xeb\x8b\xa4, \xeb\xb3\x80\xec\xa0\x9c\xed\x95\x98\xeb\x8b\xa4'",b'reimburse reimburses reimbursing reimbursed'
451,b'release',"b'v. \xea\xb3\xb5\xea\xb0\x9c\xed\x95\x98\xeb\x8b\xa4, \xeb\xb0\x9c\xed\x91\x9c\xed\x95\x98\xeb\x8b\xa4'",b'release releases releasing released'
452,b'revenue',"b'n. \xec\x88\x98\xec\x9d\xb5, \xec\x84\xb8\xec\x9e\x85'",b'revenue revenues revenueing revenueed'
453,b'shareholder',b'n. \xec\xa3\xbc\xec\xa3\xbc',b'shareholder shareholders shareholderring shareholderred'
454,b'surplus',b'n. \xea\xb3\xbc\xec\x9e\x89; \xed\x9d\x91\xec\x9e\x90',b'surplu surplus surpluing surplued'
455,b'Department',b'n. \xec\xb4\x9d\xeb\xac\xb4\xeb\xb6\x80',b'department departments departmenting departmented'
456,b'amenities',"b'n. \xed\x8e\xb8\xec\x9d\x98\xec\x8b\x9c\xec\x84\xa4, \xeb\xac\xb8\xed\x99\x94\xec\x8b\x9c\xec\x84\xa4'",b'amenity amenities amenitying amenitied'
457,b'appliance',b'n. (\xea\xb0\x80\xec\xa0\x95\xec\x9a\xa9) \xea\xb8\xb0\xea\xb8\xb0',b'appliance appliances appliancing applianced'
458,b'artificial',b'adj. \xec\x9d\xb8\xea\xb3\xb5\xec\x9d\x98; \xec\x9d\xb8\xec\x9c\x84\xec\xa0\x81\xec\x9d\xb8',b'artificial artificials artificialing artificialed'
459,b'close',"b'adj. \xea\xb0\x80\xea\xb9\x8c\xec\x9a\xb4, \xea\xb7\xbc\xec\xa0\x91\xed\x95\x9c'",b'close closes closing closed'
460,b'commercial',b'adj. \xec\x83\x81\xec\x97\x85\xec\x9d\x98; \xeb\xaf\xbc\xec\x98\x81\xec\x9d\x98',b'commercial commercials commercialing commercialed'
461,b'compartment',"b'n. \xea\xb5\xac\xed\x9a\x8d, \xec\xb9\xb8'",b'compartment compartments compartmenting compartmented'
462,b'floor',b'n. \xec\xb8\xb5; \xeb\xb0\x94\xeb\x8b\xa5',b'floor floors flooring floored'
463,b'furnished',b'adj. \xea\xb0\x80\xea\xb5\xac\xea\xb0\x80 \xeb\xb9\x84\xec\xb9\x98\xeb\x90\x9c',b'furnish furnishes furnishing furnished'
464,b'furnish',b'v. (\xea\xb0\x80\xea\xb5\xac\xeb\xa5\xbc) \xeb\xb9\x84\xec\xb9\x98\xed\x95\x98\xeb\x8b\xa4',b'furnish furnishes furnishing furnished'
465,b'landlord',"b'n. \xec\xa3\xbc\xec\x9d\xb8, \xec\x9e\x84\xeb\x8c\x80\xec\xa3\xbc, \xec\x9e\x84\xeb\x8c\x80 \xed\x9a\x8c\xec\x82\xac'",b'landlord landlords landlording landlorded'
466,b'lease',b'n. \xec\x9e\x84\xeb\x8c\x80\xec\xb0\xa8 \xea\xb3\x84\xec\x95\xbd v. \xec\x9e\x84\xeb\x8c\x80[\xec\x9e\x84\xec\xb0\xa8]\xed\x95\x98\xeb\x8b\xa4',b'lease leases leasing leased'
467,b'locate',b'v. ~\xec\x9d\x98 \xec\xa0\x95\xed\x99\x95\xed\x95\x9c \xec\x9c\x84\xec\xb9\x98\xeb\xa5\xbc \xec\xb0\xbe\xec\x95\x84\xeb\x82\xb4\xeb\x8b\xa4',b'locate locates locating located'
468,b'modern',"b'adj. \xed\x98\x84\xeb\x8c\x80\xec\x9d\x98, \xed\x98\x84\xeb\x8c\x80\xec\xa0\x81\xec\x9d\xb8'",b'modern moderns moderning moderned'
469,b'multipurpose',b'adj. \xeb\x8b\xa4\xeb\xaa\xa9\xec\xa0\x81\xec\x9d\x98',b'multipurpose multipurposes multipurposing multipurposed'
470,b'occupy',"b'v. \xec\xb0\xa8\xec\xa7\x80\xed\x95\x98\xeb\x8b\xa4, \xea\xb1\xb4\xeb\xac\xbc\xec\x9d\x84 \xec\x82\xac\xec\x9a\xa9\xed\x95\x98\xeb\x8b\xa4'",b'occupy occupies occupying occupied'
471,b'overlook',b'v. \xeb\x82\xb4\xeb\xa0\xa4\xeb\x8b\xa4\xeb\xb3\xb4\xeb\x8b\xa4',b'overlook overlooks overlooking overlooked'
472,b'ownership',b'n. \xec\x86\x8c\xec\x9c\xa0(\xea\xb6\x8c)',b'ownership ownerships ownershipping ownershipped'
473,b'property',"b'n. \xeb\xb6\x80\xeb\x8f\x99\xec\x82\xb0, \xec\x9e\xac\xec\x82\xb0'",b'property properties propertying propertied'
474,b'reconstruct',b'v. \xec\x9e\xac\xea\xb1\xb4\xed\x95\x98\xeb\x8b\xa4',b'reconstruct reconstructs reconstructing reconstructed'
475,b'renew',b'v. \xea\xb0\xb1\xec\x8b\xa0\xed\x95\x98\xeb\x8b\xa4',b'renew renews renewing renewed'
476,b'renovate',b'v. \xea\xb0\x9c\xec\xa1\xb0\xed\x95\x98\xeb\x8b\xa4',b'renovate renovates renovating renovated'
477,b'renovation',b'n. \xea\xb0\x9c\xec\xa1\xb0',b'renovation renovations renovationing renovationed'
478,b'rent',"b'v. \xec\x84\xb8\xeb\x82\xb4\xeb\x8b\xa4[\xec\x9e\x84\xec\xb0\xa8\xed\x95\x98\xeb\x8b\xa4] n. \xec\xa7\x91\xec\x84\xb8, \xeb\xb0\xa9\xec\x84\xb8, \xec\xa7\x80\xeb\x8c\x80, \xec\x9e\x84\xec\xb0\xa8\xeb\xa3\x8c'",b'rent rents renting rented'
479,b'residence',"b'n. \xec\xa3\xbc\xed\x83\x9d, \xea\xb1\xb0\xec\xa3\xbc\xec\xa7\x80'",b'residence residences residencing residenced'
480,b'resident',b'n. \xea\xb1\xb0\xec\xa3\xbc\xec\x9e\x90',b'resident residents residenting residented'
481,b'residential',b'adj. \xec\xa3\xbc\xea\xb1\xb0\xec\x9d\x98; \xea\xb1\xb0\xec\xa3\xbc\xed\x95\x98\xea\xb8\xb0 \xec\xa2\x8b\xec\x9d\x80',b'residential residentials residentialing residentialed'
482,b'tenant',"b'n. \xec\x84\xb8\xec\x9e\x85\xec\x9e\x90, \xec\x9e\x84\xec\xb0\xa8\xec\x9d\xb8'",b'tenant tenants tenanting tenanted'
483,b'tour',"b'n. \xeb\xb0\xa9\xeb\xac\xb8, \xea\xb2\xac\xed\x95\x99'",b'tour tours touring toured'
484,b'transform',b'v. \xec\x99\x84\xec\xa0\x84\xed\x9e\x88 \xeb\xb0\x94\xea\xbf\x94 \xeb\x86\x93\xeb\x8b\xa4; \xeb\xb3\x80\xed\x98\x95\xec\x8b\x9c\xed\x82\xa4\xeb\x8b\xa4',b'transform transforms transforming transformed'
485,b'unit',b'n. \xed\x95\x9c \xea\xb0\x80\xea\xb5\xac',b'unit units unitting unitted'
486,b'view',b'n. \xea\xb2\xbd\xea\xb4\x80',b'view views viewing viewed'
487,b'architecture',"b'n. \xea\xb1\xb4\xec\xb6\x95\xec\x88\xa0, \xea\xb1\xb4\xec\xb6\x95 \xec\x96\x91\xec\x8b\x9d'",b'architecture architectures architecturing architectured'
488,b'architectural',b'adj. \xea\xb1\xb4\xec\xb6\x95\xec\x9d\x98',b'architectural architecturals architecturalling architecturalled'
489,b'blueprint',b'n. \xec\xb2\xad\xec\x82\xac\xec\xa7\x84',b'blueprint blueprints blueprinting blueprinted'
490,b'characterize',b'v. ~\xec\x9d\x98 \xed\x8a\xb9\xec\xa7\x95\xec\x9d\xb4 \xeb\x90\x98\xeb\x8b\xa4',b'characterize characterizes characterizing characterized'
491,b'construction',"b'n. \xea\xb1\xb4\xec\x84\xa4, \xea\xb3\xb5\xec\x82\xac'",b'construction constructions constructioning constructioned'
492,b'construct',b'v. \xea\xb1\xb4\xec\x84\xa4\xed\x95\x98\xeb\x8b\xa4',b'construct constructs constructing constructed'
493,b'draw',"b'v. \xeb\x81\x8c\xeb\x8b\xa4, \xeb\x81\x8c\xec\x96\xb4\xeb\x93\xa4\xec\x9d\xb4\xeb\x8b\xa4'",b'draw draws drawing drew drawn'
494,b'elaborate',b'adj. \xec\xa0\x95\xea\xb5\x90\xed\x95\x9c; \xea\xb3\xb5\xec\x9d\x84 \xeb\x93\xa4\xec\x9d\xb8',b'elaborate elaborates elaborating elaborated'
495,b'entrance',b'n. \xec\x9e\x85\xea\xb5\xac',b'entrance entrances entrancing entranced'
496,b'extend',b'v. \xec\x97\xb0\xec\x9e\xa5\xed\x95\x98\xeb\x8b\xa4; \xed\x99\x95\xec\x9e\xa5\xed\x95\x98\xeb\x8b\xa4',b'extend extends extending extended'
497,b'exterior',b'adj. \xec\x99\xb8\xeb\xb6\x80\xec\x9d\x98',b'exterior exteriors exterioring exteriored'
498,b'fa?ade',"b'n. (\xea\xb1\xb4\xeb\xac\xbc\xec\x9d\x98) \xec\xa0\x95\xeb\xa9\xb4, \xec\x95\x9e\xeb\xa9\xb4'",b'fa?ade fa?ades fa?ading fa?aded'
499,b'groundbreaking',b'adj. \xed\x9a\x8d\xea\xb8\xb0\xec\xa0\x81\xec\x9d\xb8',b'groundbreak groundbreaks groundbreaking groundbreaked'
500,b'interior',b'adj. \xeb\x82\xb4\xeb\xb6\x80\xec\x9d\x98',b'interior interiors interioring interiored'
501,b'landmark',"b'n. \xec\xa3\xbc\xec\x9a\x94 \xec\xa7\x80\xed\x98\x95\xeb\xac\xbc, \xeb\x9e\x9c\xeb\x93\x9c\xeb\xa7\x88\xed\x81\xac'",b'landmark landmarks landmarking landmarked'
502,b'lot',"b'n. \xeb\xb6\x80\xec\xa7\x80, \xea\xb5\xac\xed\x9a\x8d'",b'lot lots lotting lotted'
503,b'masterpiece',"b'n. \xea\xb1\xb8\xec\x9e\x91, \xeb\xaa\x85\xec\x9e\x91'",b'masterpiece masterpieces masterpiecing masterpieced'
504,b'modernize',b'v. \xed\x98\x84\xeb\x8c\x80\xed\x99\x94\xed\x95\x98\xeb\x8b\xa4',b'modernize modernizes modernizing modernized'
505,b'premises',b'n. \xeb\xb6\x80\xec\xa7\x80',b'premise premises premising premised'
506,b'preserve',b'v. \xec\xa7\x80\xed\x82\xa4\xeb\x8b\xa4; \xeb\xb3\xb4\xec\xa1\xb4\xed\x95\x98\xeb\x8b\xa4',b'preserve preserves preserving preserved'
507,b'redesign',b'v. \xec\x9e\xac\xec\x84\xa4\xea\xb3\x84\xed\x95\x98\xeb\x8b\xa4',b'redesign redesigns redesigning redesigned'
508,b'reinforce',b'v. \xea\xb0\x95\xed\x99\x94\xed\x95\x98\xeb\x8b\xa4; \xeb\xb3\xb4\xea\xb0\x95\xed\x95\x98\xeb\x8b\xa4',b'reinforce reinforces reinforcing reinforced'
509,b'remodel',"b'v. \xea\xb0\x9c\xec\xa1\xb0\xed\x95\x98\xeb\x8b\xa4, \xeb\xa6\xac\xeb\xaa\xa8\xeb\x8d\xb8\xeb\xa7\x81\xed\x95\x98\xeb\x8b\xa4'",b'remodel remodels remodeling remodeled'
510,b'repairs',b'n. \xec\x88\x98\xeb\xa6\xac \xec\x9e\x91\xec\x97\x85',b'repair repairs repairing repaired'
511,b'restoration',"b'n. \xeb\xb3\xb5\xea\xb5\xac, \xeb\xb3\xb5\xec\x9b\x90'",b'restoration restorations restorationing restorationed'
512,b'restore',b'v. \xeb\xb3\xb5\xec\x9b\x90\xed\x95\x98\xeb\x8b\xa4',b'restore restores restoring restored'
513,b'structure',b'n. \xea\xb5\xac\xec\xa1\xb0\xeb\xac\xbc',b'structure structures structuring structured'
514,b'undergo',"b'n. \xea\xb2\xaa\xeb\x8b\xa4, \xeb\xb0\x9b\xeb\x8b\xa4'",b'undergo undergoes undergoing underwent undergone'
515,b'venue',b'n. \xec\x9e\xa5\xec\x86\x8c',b'venue venues venueing venueed'
516,b'wing',"b'n. \xea\xb1\xb4\xeb\xac\xbc\xec\x9d\x98 \xeb\x8f\x99, \xeb\xb6\x80\xec\x86\x8d \xea\xb1\xb4\xeb\xac\xbc'",b'wing wings winging winged'
517,b'accessible',b'adj. \xec\xa0\x91\xea\xb7\xbc\xed\x95\xa0 \xec\x88\x98 \xec\x9e\x88\xeb\x8a\x94',b'accessible accessibles accessibling accessibled'
518,b'alleviate',b'v. \xec\x99\x84\xed\x99\x94\xed\x95\x98\xeb\x8b\xa4',b'alleviate alleviates alleviating alleviated'
519,b'boulevard',b'n. \xeb\x8c\x80\xeb\xa1\x9c',b'boulevard boulevards boulevarding boulevarded'
520,b'commute',b'v. \xed\x86\xb5\xea\xb7\xbc\xed\x95\x98\xeb\x8b\xa4 n. \xed\x86\xb5\xea\xb7\xbc',b'commute commutes commuting commuted'
521,b'congestion',b'n. \xed\x98\xbc\xec\x9e\xa1',b'congestion congestions congestioning congestioned'
522,b'crosswalk',b'n. \xed\x9a\xa1\xeb\x8b\xa8\xeb\xb3\xb4\xeb\x8f\x84',b'crosswalk crosswalks crosswalking crosswalked'
523,b'destination',"b'n. \xed\x96\x89\xec\x84\xa0\xec\xa7\x80, \xeb\xaa\xa9\xec\xa0\x81\xec\xa7\x80'",b'destination destinations destinationing destinationed'
524,b'detour',"b'n. \xec\x9a\xb0\xed\x9a\x8c\xeb\xa1\x9c, \xeb\x8f\x8c\xec\x95\x84\xea\xb0\x80\xeb\x8a\x94 \xea\xb8\xb8'",b'detour detours detouring detoured'
525,b'expressway',b'n. \xea\xb3\xa0\xec\x86\x8d\xeb\x8f\x84\xeb\xa1\x9c (= freeway)',b'expressway expressways expresswaying expresswayed'
526,b'impose',"b'v. \xeb\x8f\x84\xec\x9e\x85\xed\x95\x98\xeb\x8b\xa4, \xeb\xb6\x80\xea\xb3\xbc\xed\x95\x98\xeb\x8b\xa4'",b'impose imposes imposing imposed'
527,b'jammed',"b'adj. \xea\xbc\xbc\xec\xa7\x9d \xeb\xaa\xbb\xed\x95\x98\xeb\x8a\x94, \xeb\xb9\xbd\xeb\xb9\xbd\xed\x95\x9c'",b'jam jams jamming jammed'
528,b'jaywalk',b'v. \xeb\xac\xb4\xeb\x8b\xa8 \xed\x9a\xa1\xeb\x8b\xa8\xed\x95\x98\xeb\x8b\xa4',b'jaywalk jaywalks jaywalking jaywalked'
529,b'lane',b'n. \xec\xb0\xa8\xec\x84\xa0',b'lane lanes laning laned'
530,b'mileage',b'n. \xec\xa3\xbc\xed\x96\x89\xea\xb1\xb0\xeb\xa6\xac',b'mileage mileages mileaging mileaged'
531,b'overpass',b'n. \xea\xb3\xa0\xea\xb0\x80\xeb\x8f\x84\xeb\xa1\x9c (= flyover)',b'overpass overpasses overpassing overpassed'
532,b'pave',b'v. \xeb\x8f\x84\xeb\xa1\x9c\xeb\xa5\xbc \xed\x8f\xac\xec\x9e\xa5\xed\x95\x98\xeb\x8b\xa4',b'pave paves paving paved'
533,b'pavement',"b'n. \xec\x9d\xb8\xeb\x8f\x84, \xeb\xb3\xb4\xeb\x8f\x84'",b'pavement pavements pavementing pavemented'
534,b'pedestrian',b'n. \xeb\xb3\xb4\xed\x96\x89\xec\x9e\x90',b'pedestrian pedestrians pedestrianing pedestrianed'
535,b'repave',b'v. \xeb\x8f\x84\xeb\xa1\x9c\xeb\xa5\xbc \xec\x9e\xac\xed\x8f\xac\xec\x9e\xa5\xed\x95\x98\xeb\x8b\xa4',b'repave repaves repaving repaved'
536,b'section',b'n. \xea\xb5\xac\xea\xb0\x84',b'section sections sectioning sectioned'
537,b'toll',"b'n. \xed\x86\xb5\xed\x96\x89\xeb\xa3\x8c, \xec\x82\xac\xec\x9a\xa9\xec\x84\xb8'",b'toll tolls tolling tolled'
538,b'tow',"b'v. \xea\xb2\xac\xec\x9d\xb8\xed\x95\x98\xeb\x8b\xa4, \xec\x98\x88\xec\x9d\xb8\xed\x95\x98\xeb\x8b\xa4'",b'tow tows towing towed'
539,b'transportation',"b'n. \xec\x88\x98\xec\x86\xa1, \xec\x9a\xb4\xec\x86\xa1'",b'transportation transportations transportationing transportationed'
540,b'vehicle',"b'n. \xec\xb0\xa8\xeb\x9f\x89, \xed\x83\x88\xea\xb2\x83'",b'vehicle vehicles vehicling vehicled'
541,b'widen',b'v. \xeb\x84\x93\xed\x9e\x88\xeb\x8b\xa4',b'widen widens widening widened'
542,b'widening',b'n. \xed\x99\x95\xec\x9e\xa5',b'widen widens widening widened'
543,b'accommodate',b'v. \xec\x88\x98\xec\x9a\xa9\xed\x95\x98\xeb\x8b\xa4',b'accommodate accommodates accommodating accommodated'
544,b'artistic',b'adj. \xec\x98\x88\xec\x88\xa0\xec\xa0\x81\xec\x9d\xb8',b'artistic artistices artisticking artisticked'
545,b'auction',b'n. \xea\xb2\xbd\xeb\xa7\xa4',b'auction auctions auctioning auctioned'
546,b'audience',"b'n. \xea\xb4\x80\xea\xb0\x9d, \xec\xb2\xad\xec\xa4\x91'",b'audience audiences audiencing audienced'
547,b'autograph',"b'n. \xec\x84\x9c\xeb\xaa\x85, \xec\x82\xac\xec\x9d\xb8 v. \xec\x84\x9c\xeb\xaa\x85\xed\x95\x98\xeb\x8b\xa4'",b'autograph autographs autographing autographed'
548,b'cast',"b'n. \xec\xb6\x9c\xec\x97\xb0\xec\x9e\x90\xeb\x93\xa4, \xeb\xb0\xb0\xec\x97\xad v. \xeb\xb0\xb0\xec\x97\xad\xec\x9d\x84 \xec\xa0\x95\xed\x95\x98\xeb\x8b\xa4'",b'cast casts casting'
549,b'choreography',b'n. \xec\x95\x88\xeb\xac\xb4',b'choreography choreographies choreographying choreographied'
550,b'community',b'n. \xec\xa7\x80\xec\x97\xad\xec\x82\xac\xed\x9a\x8c',b'community communities communitying communitied'
551,b'compose',b'v. \xec\x9e\x91\xea\xb3\xa1\xed\x95\x98\xeb\x8b\xa4',b'compose composes composing composed'
552,b'conduct',b'v. \xec\xa7\x80\xed\x9c\x98\xed\x95\x98\xeb\x8b\xa4',b'conduct conducts conducting conducted'
553,b'costume',"b'n. \xec\x9d\x98\xec\x83\x81, \xeb\xb3\xb5\xec\x9e\xa5'",b'costume costumes costuming costumed'
554,b'critic',b'n. \xed\x8f\x89\xeb\xa1\xa0\xea\xb0\x80',b'critic critices criticking criticked'
555,b'debut',"b'n. \xeb\x8d\xb0\xeb\xb7\x94, \xec\xb2\xab \xec\xb6\x9c\xec\x97\xb0 v. \xeb\x8d\xb0\xeb\xb7\x94[\xec\xb2\xab \xec\xb6\x9c\xec\x97\xb0]\xed\x95\x98\xeb\x8b\xa4'",b'debut debuts debuting debuted'
556,b'direction',b'n. \xec\x97\xb0\xec\xb6\x9c',b'direction directions directioning directioned'
557,b'entertain',b'v. \xec\xa6\x90\xea\xb2\x81\xea\xb2\x8c \xed\x95\xb4\xec\xa3\xbc\xeb\x8b\xa4',b'entertain entertains entertaining entertained'
558,b'exhibition',b'n. \xec\xa0\x84\xec\x8b\x9c(\xed\x9a\x8c)',b'exhibition exhibitions exhibitioning exhibitioned'
559,b'exhibit',b'v. \xec\xa0\x84\xec\x8b\x9c\xed\x95\x98\xeb\x8b\xa4',b'exhibit exhibits exhibiting exhibited'
560,b'impeccable',b'adj. \xed\x9d\xa0 \xec\x9e\xa1\xec\x9d\x84 \xeb\x8d\xb0 \xec\x97\x86\xeb\x8a\x94',b'impeccable impeccables impeccabling impeccabled'
561,b'intermission',b'n. \xec\xa4\x91\xea\xb0\x84 \xed\x9c\xb4\xec\x8b\x9d\xec\x8b\x9c\xea\xb0\x84',b'intermission intermissions intermissioning intermissioned'
562,b'performance',b'n. \xea\xb3\xb5\xec\x97\xb0',b'performance performances performancing performanced'
563,b'perform',"b'v. \xea\xb3\xb5\xec\x97\xb0\xed\x95\x98\xeb\x8b\xa4, \xec\x97\xb0\xec\xa3\xbc\xed\x95\x98\xeb\x8b\xa4'",b'perform performs performing performed'
564,b'premiere',b'n. (\xec\x98\x81\xed\x99\x94\xec\x9d\x98) \xea\xb0\x9c\xeb\xb4\x89; (\xec\x97\xb0\xea\xb7\xb9\xec\x9d\x98) \xec\xb4\x88\xec\x97\xb0',b'premiere premieres premiering premiered'
565,b'sponsor',b'v. \xed\x9b\x84\xec\x9b\x90\xed\x95\x98\xeb\x8b\xa4 n. \xed\x9b\x84\xec\x9b\x90\xec\x9e\x90',b'sponsor sponsors sponsoring sponsored'
566,b'star',"b'v. \xec\xa3\xbc\xec\x97\xb0\xec\x9d\x84 \xeb\xa7\xa1\xeb\x8b\xa4 n. \xec\x8a\xa4\xed\x83\x80, \xec\x9d\xb8\xea\xb8\xb0 \xeb\xb0\xb0\xec\x9a\xb0'",b'star stars starring starred'
567,b'theatrical',b'adj. \xec\x97\xb0\xea\xb7\xb9[\xea\xb3\xb5\xec\x97\xb0]\xec\x9d\x98',b'theatrical theatricals theatricalling theatricalled'
568,b'aid',"b'n. \xec\x9b\x90\xec\xa1\xb0, \xec\x9e\x90\xec\x9b\x90 v. \xeb\x8f\x95\xeb\x8b\xa4'",b'aid aids aiding aided'
569,b'beneficial',"b'adj. \xec\x9c\xa0\xec\x9d\xb5\xed\x95\x9c, \xec\x9d\xb4\xeb\xa1\x9c\xec\x9a\xb4'",b'beneficial beneficials beneficialing beneficialed'
570,b'campaign',b'n. \xec\xba\xa0\xed\x8e\x98\xec\x9d\xb8 v. \xec\xba\xa0\xed\x8e\x98\xec\x9d\xb8\xec\x9d\x84 \xeb\xb2\x8c\xec\x9d\xb4\xeb\x8b\xa4',b'campaign campaigns campaigning campaigned'
571,b'charity',b'n. \xec\x9e\x90\xec\x84\xa0 \xeb\x8b\xa8\xec\xb2\xb4',b'charity charities charitying charitied'
572,b'charitable',b'adj. \xec\x9e\x90\xec\x84\xa0\xec\x9d\x98',b'charitable charitables charitabling charitabled'
573,b'collect',b'v. \xeb\xaa\xa8\xec\x9c\xbc\xeb\x8b\xa4',b'collect collects collecting collected'
574,b'committee',b'n. \xec\x9c\x84\xec\x9b\x90\xed\x9a\x8c',b'committee committees committeeing committeeed'
575,b'contributor',b'n. \xed\x9b\x84\xec\x9b\x90\xec\x9e\x90',b'contributor contributors contributorring contributorred'
576,b'contribution',b'n. \xea\xb8\xb0\xeb\xb6\x80\xea\xb8\x88',b'contribution contributions contributioning contributioned'
577,b'contribute',"b'v. \xea\xb8\xb0\xeb\xb6\x80\xed\x95\x98\xeb\x8b\xa4, \xea\xb8\xb0\xec\x97\xac\xed\x95\x98\xeb\x8b\xa4'",b'contribute contributes contributing contributed'
578,b'dedicate',"b'v. \xeb\xb0\x94\xec\xb9\x98\xeb\x8b\xa4, \xec\xa0\x84\xeb\x85\x90\xed\x95\x98\xeb\x8b\xa4'",b'dedicate dedicates dedicating dedicated'
579,b'donation',b'n. \xea\xb8\xb0\xeb\xb6\x80(\xea\xb8\x88)',b'donation donations donationing donationed'
580,b'donate',b'v. \xea\xb8\xb0\xeb\xb6\x80\xed\x95\x98\xeb\x8b\xa4',b'donate donates donating donated'
581,b'enlightening',"b'adj. \xea\xb3\x84\xeb\xaa\xbd\xec\xa0\x81\xec\x9d\xb8, \xea\xb9\xa8\xec\x9a\xb0\xec\xb9\x98\xeb\x8a\x94'",b'enlighten enlightens enlightening enlightened'
582,b'entry',b'n. \xec\x9e\x85\xec\x9e\xa5',b'entry entries entrying entried'
583,b'finance',b'n. \xec\x9e\x90\xea\xb8\x88 v. \xec\x9e\x90\xea\xb8\x88\xec\x9d\x84 \xeb\x8c\x80\xeb\x8b\xa4',b'finance finances financing financed'
584,b'foundation',b'n. \xec\x84\xa4\xeb\xa6\xbd; \xec\x9e\xac\xeb\x8b\xa8',b'foundation foundations foundationing foundationed'
585,b'fund',b'v. \xec\x9e\x90\xea\xb8\x88\xec\x9d\x84 \xeb\x8c\x80\xeb\x8b\xa4',b'fund funds funding funded'
586,b'funding',b'n. \xec\x9e\xac\xec\xa0\x95 \xec\xa7\x80\xec\x9b\x90',b'fund funds funding funded'
587,b'fundraising',b'n. \xea\xb8\xb0\xea\xb8\x88 \xeb\xaa\xa8\xea\xb8\x88',b'fundrais fundraiss fundraising fundraised'
588,b'generous',"b'adj. \xed\x9b\x84\xed\x95\x9c, \xeb\x84\x89\xeb\x84\x89\xed\x95\x9c'",b'generou generous generouing generoued'
589,b'generosity',b'n. \xeb\x84\x88\xea\xb7\xb8\xeb\x9f\xac\xec\x9b\x80',b'generosity generosities generositying generositied'
590,b'invite',b'v. \xec\xb4\x88\xeb\x8c\x80\xed\x95\x98\xeb\x8b\xa4',b'invite invites inviting invited'
591,b'local',b'adj. \xec\xa7\x80\xec\x97\xad\xec\x9d\x98 n. \xed\x98\x84\xec\xa7\x80\xec\x9d\xb8',b'local locals localling localled'
592,b'municipal',"b'adj. \xec\xa7\x80\xeb\xb0\xa9 \xec\x9e\x90\xec\xb9\x98\xec\xa0\x9c\xec\x9d\x98, \xec\x8b\x9c\xec\x9d\x98'",b'municipal municipals municipalling municipalled'
593,b'patron',"b'n. \xed\x9b\x84\xec\x9b\x90\xec\x9e\x90, \xea\xb3\xa0\xea\xb0\x9d'",b'patron patrons patronning patronned'
594,b'philanthropic',"b'adj. \xec\x9e\x90\xec\x84\xa0\xec\x9d\x98, \xec\x9d\xb8\xec\xa0\x95 \xeb\xa7\x8e\xec\x9d\x80'",b'philanthropic philanthropices philanthropicking philanthropicked'
595,b'pledge',"b'n. \xeb\xa7\xb9\xec\x84\xb8, \xec\x84\x9c\xec\x95\xbd v. \xeb\xa7\xb9\xec\x84\xb8[\xec\x84\x9c\xec\x95\xbd]\xed\x95\x98\xeb\x8b\xa4'",b'pledge pledges pledging pledged'
596,b'proceeds',b'n. \xec\x88\x98\xec\x9d\xb5\xea\xb8\x88',b'proceed proceeds proceeding proceeded'
597,b'public',"b'adj. \xea\xb3\xb5\xea\xb3\xb5\xec\x9d\x98 n. \xeb\x8c\x80\xec\xa4\x91, \xec\x9d\xbc\xeb\xb0\x98'",b'public publices publicking publicked'
598,b'revitalize',b'v. \xec\x9e\xac\xed\x99\x9c\xec\x84\xb1\xed\x99\x94\xec\x8b\x9c\xed\x82\xa4\xeb\x8b\xa4',b'revitalize revitalizes revitalizing revitalized'
599,b'sponsorship',"b'n. \xed\x9b\x84\xec\x9b\x90, \xed\x98\x91\xec\xb0\xac'",b'sponsorship sponsorships sponsorshipping sponsorshipped'
600,b'unprecedented',b'adj. \xec\xa0\x84\xeb\xa1\x80\xea\xb0\x80 \xec\x97\x86\xeb\x8a\x94',b'unprecedent unprecedents unprecedenting unprecedented'
601,b'volunteer',b'n. \xec\x9e\x90\xec\x9b\x90\xeb\xb4\x89\xec\x82\xac\xec\x9e\x90 v. \xec\x9e\x90\xec\x9b\x90\xed\x95\x98\xeb\x8b\xa4',b'volunteer volunteers volunteering volunteered'
